StateID,Year,Quarter,TotalProd,TaxableBottlesCansProd,TaxableKegsProd,TaxablePremUseProd,TaxFreeExportProd,TaxFreePremUseProd,StocksOnHand
AL,2017,Q1,12509.21,,,7391.26,0.0,344.37,3982.18
AK,2017,Q1,43715.79,,13186.01,2997.92,,166.57,14848.42
AZ,2017,Q1,52463.72,17053.89,20569.06,12229.76,0.0,441.53,7532.53
AR,2017,Q1,6891.71,,1268.63,2943.13,0.0,,2572.32
CA,2017,Q1,5444732.26,3903765.36,530608.9,61436.38,,3995.94,1399457.4
CO,2017,Q1,5261661.95,4076636.35,355284.65,34950.78,95288.19,5178.65,1532859.57
CT,2017,Q1,50154.92,24707.9,49707.09,3683.26,,189.71,15794.3
DE,2017,Q1,,,,1953.38,0.0,0.0,
DC,2017,Q1,7268.83,,,2747.92,0.0,,3705.64
FL,2017,Q1,,,320346.41,28691.27,18824.42,2761.89,
GA,2017,Q1,3646709.74,2906111.49,140991.13,9859.03,,1192.61,886150.63
HI,2017,Q1,18112.36,,6191.8,1997.48,,,3604.31
ID,2017,Q1,9936.02,3430.59,3906.54,2038.08,0.0,,6829.55
IL,2017,Q1,340934.33,242399.31,56875.93,20255.44,,813.19,75268.39
IN,2017,Q1,49091.85,16816.01,16496.86,9345.24,0.0,460.47,15480.53
IA,2017,Q1,16197.24,967.34,3928.91,11695.9,0.0,119.39,6544.64
KS,2017,Q1,9071.91,,2167.79,2576.17,0.0,,1830.14
KY,2017,Q1,33800.42,20880.75,7653.4,6754.87,,,27930.15
LA,2017,Q1,56496.15,,16323.04,2752.34,,95.51,
ME,2017,Q1,65118.55,25951.54,25504.98,6452.83,0.0,915.32,29524.44
MD,2017,Q1,58407.13,28343.72,17116.69,5546.14,,532.96,21281.43
MA,2017,Q1,123187.4,48813.99,37005.13,16831.37,,456.27,38471.81
MI,2017,Q1,311872.24,162154.65,82566.17,28041.15,,1325.9,101612.28
MN,2017,Q1,148062.38,60716.43,37712.24,12921.34,0.0,490.92,65894.21
MS,2017,Q1,5140.06,,,1967.0,0.0,,1349.24
MO,2017,Q1,,,,6715.32,,556.58,
MT,2017,Q1,41759.67,15980.79,12158.7,7539.58,0.0,387.52,16599.81
NE,2017,Q1,11030.81,3203.44,3332.19,4586.99,,186.19,2727.31
NV,2017,Q1,8891.63,1540.65,2181.59,5348.93,0.0,,2634.53
NH,2017,Q1,,,,5230.31,,98.03,
NJ,2017,Q1,,,,9993.97,,631.08,
NM,2017,Q1,19475.59,6481.86,7204.81,3663.72,0.0,268.41,7719.11
NY,2017,Q1,2305640.13,1766076.24,121569.04,14326.27,46962.91,777.47,742424.36
NC,2017,Q1,307945.92,203514.49,72198.93,26087.01,,236.95,107588.82
ND,2017,Q1,2588.79,,,1101.38,0.0,,734.33
OH,2017,Q1,4856199.07,4247520.42,319931.79,16646.15,,623.97,952690.47
OK,2017,Q1,6623.55,,1725.87,2105.11,0.0,,2818.6
OR,2017,Q1,430994.35,241416.21,106703.05,27500.73,,1192.29,138788.61
PA,2017,Q1,1127143.38,709868.05,220174.54,17862.27,,1343.63,436825.33
RI,2017,Q1,4097.07,,,1015.72,0.0,,1376.03
SC,2017,Q1,18600.45,4989.79,3629.64,8319.07,,,10069.89
SD,2017,Q1,2292.1,,731.47,1145.87,0.0,,1580.13
TN,2017,Q1,375642.13,305072.64,14527.58,7527.65,,642.48,115292.52
TX,2017,Q1,5447904.12,4473913.16,268937.49,34656.3,,1922.7,1118241.31
UT,2017,Q1,61458.05,30283.95,14926.9,2025.49,,,18325.55
VT,2017,Q1,102940.23,48477.28,15475.38,5954.39,,,21747.17
VA,2017,Q1,3474690.13,2773480.68,416782.72,23265.07,,244.88,683087.53
WA,2017,Q1,129666.67,31073.65,53944.33,19545.62,,1290.29,35822.4
WV,2017,Q1,2789.16,,,1868.18,0.0,,1174.82
WI,2017,Q1,2903684.99,2167653.77,283621.24,14032.64,16760.18,378.05,830419.05
WY,2017,Q1,10860.69,,1923.67,5062.24,0.0,,3841.94
AL,2017,Q2,14367.94,,2419.11,7856.66,0.0,167.62,4263.86
AK,2017,Q2,54774.67,,19498.45,4343.72,,218.02,13249.36
AZ,2017,Q2,50977.69,17821.77,19215.52,10522.76,0.0,547.0,9453.57
AR,2017,Q2,7345.15,,1396.48,3177.59,0.0,,2352.18
CA,2017,Q2,6162563.49,4767909.41,616144.59,75742.51,,3344.27,1413583.8
CO,2017,Q2,6163013.49,5094432.22,409797.03,42258.81,,3812.75,1570356.96
CT,2017,Q2,64294.7,34299.77,15981.83,5312.54,,284.01,17734.93
DE,2017,Q2,,,,2617.56,0.0,0.0,
DC,2017,Q2,8446.1,,,3162.1,0.0,,3592.55
FL,2017,Q2,,,291783.97,35946.68,21801.55,2266.46,589525.9
GA,2017,Q2,4402912.6,3783936.28,130405.28,12652.13,,1577.72,903009.66
HI,2017,Q2,21614.58,,9072.9,1951.23,,149.0,4812.52
ID,2017,Q2,12616.53,4307.47,4522.43,2421.33,0.0,,8117.65
IL,2017,Q2,413789.51,315437.65,59694.65,25489.92,,577.47,61641.92
IN,2017,Q2,49249.68,18827.19,16237.27,10784.87,0.0,578.96,13863.59
IA,2017,Q2,19213.36,1277.48,2737.91,12569.03,0.0,268.76,6509.51
KS,2017,Q2,10782.08,,3131.06,2923.9,0.0,,1437.01
KY,2017,Q2,40364.92,36936.49,8951.69,6731.19,,,20229.91
LA,2017,Q2,47432.61,,14533.47,4250.12,,157.57,
ME,2017,Q2,84359.48,33284.82,31230.23,9383.81,,545.66,30674.72
MD,2017,Q2,62313.99,26158.5,17203.76,8700.33,,652.35,19750.73
MA,2017,Q2,145557.49,65190.28,45037.63,24241.7,,801.65,36431.73
MI,2017,Q2,382056.37,225032.25,100859.19,33134.63,,1725.05,92487.71
MN,2017,Q2,179731.65,95740.43,43555.68,14674.63,,519.08,73983.63
MS,2017,Q2,5253.9,,,2051.3,0.0,,1252.57
MO,2017,Q2,,,,7807.36,,529.68,
MT,2017,Q2,47259.14,18430.17,12042.82,11721.03,0.0,488.52,16008.07
NE,2017,Q2,12292.85,3500.72,3591.83,5223.55,,,2906.52
NV,2017,Q2,11476.76,2037.47,2925.15,4689.21,,,3434.78
NH,2017,Q2,,,,6183.7,,138.41,
NJ,2017,Q2,,,,13022.67,,749.92,
NM,2017,Q2,27705.43,10166.38,9243.37,5775.5,0.0,212.52,7530.37
NY,2017,Q2,2578986.69,2154209.58,152668.84,20163.7,59615.54,829.58,688120.29
NC,2017,Q2,357234.93,256918.68,80593.64,36235.67,,271.4,112237.0
ND,2017,Q2,3060.29,,,1192.47,0.0,,844.44
OH,2017,Q2,5434477.7,4744297.76,353042.68,18825.44,,943.16,954068.71
OK,2017,Q2,7482.12,,1851.14,2687.62,0.0,,2738.28
OR,2017,Q2,465277.54,295224.28,124090.01,36771.1,,1872.83,116516.47
PA,2017,Q2,1600384.68,1059255.65,254205.64,20289.35,57039.81,1292.08,442399.42
RI,2017,Q2,11415.94,,,2414.87,0.0,227.0,2615.78
SC,2017,Q2,22610.25,6426.04,6641.01,7264.64,,,11095.01
SD,2017,Q2,3028.74,,1009.64,1378.53,0.0,,1583.35
TN,2017,Q2,398383.01,340301.69,18026.16,10355.22,,890.97,107504.15
TX,2017,Q2,5913565.73,4975817.62,272158.68,40376.52,394884.99,2374.68,1075735.28
UT,2017,Q2,61309.27,33553.31,14254.21,2146.5,0.0,,18293.58
VT,2017,Q2,94788.22,49710.62,12377.03,6230.54,,14.5,21651.99
VA,2017,Q2,4338945.98,3694540.91,383495.92,29389.34,,231.32,742923.5
WA,2017,Q2,154792.88,38779.42,60706.69,26203.27,99.2,1133.59,38301.56
WV,2017,Q2,3075.49,,739.15,2143.5,0.0,,1256.2
WI,2017,Q2,3397569.72,2779811.27,,19824.0,22704.55,420.27,834575.79
WY,2017,Q2,10949.93,,2147.49,5780.02,0.0,271.35,1879.19
AL,2017,Q3,14392.2,,2413.11,8239.1,0.0,168.49,4421.86
AK,2017,Q3,56571.29,,19251.04,5471.24,,219.13,12874.29
AZ,2017,Q3,43511.9,15138.18,14702.0,11213.44,0.0,509.38,9956.55
AR,2017,Q3,8199.25,2645.54,1109.97,3977.06,0.0,,1853.64
CA,2017,Q3,5919066.06,4299102.61,561490.23,82594.26,,3652.28,1377428.0
CO,2017,Q3,5572330.03,4813587.34,413940.92,45847.33,,3141.72,1268069.28
CT,2017,Q3,63093.23,33940.14,15839.89,6158.99,,457.83,19170.18
DE,2017,Q3,,,,2091.63,0.0,,
DC,2017,Q3,8416.46,,,2819.29,0.0,0.0,5031.38
FL,2017,Q3,,,274516.37,27633.65,18389.71,1239.64,542016.63
GA,2017,Q3,4134884.79,3509396.62,112648.33,14272.87,,1194.7,920700.71
HI,2017,Q3,21141.95,,8425.04,2012.56,,150.77,5496.35
ID,2017,Q3,12046.6,5435.46,5529.79,2423.77,0.0,,7723.72
IL,2017,Q3,435193.35,332280.64,56228.55,34901.8,,1070.98,94533.14
IN,2017,Q3,52022.12,19240.61,15467.81,12056.8,,532.91,14787.69
IA,2017,Q3,19766.73,1605.05,3628.03,12490.4,0.0,333.49,6852.93
KS,2017,Q3,12273.82,,2475.79,3381.73,0.0,,2136.1
KY,2017,Q3,42611.94,32049.17,8413.89,7079.49,,236.07,25940.04
LA,2017,Q3,40154.59,,10666.98,4265.27,,67.94,
ME,2017,Q3,90657.0,40456.4,34015.77,11781.84,0.0,360.47,29681.83
MD,2017,Q3,62841.38,26577.87,19060.28,8434.58,,693.41,23848.22
MA,2017,Q3,152420.29,66545.06,42776.02,22801.72,,758.48,42271.09
MI,2017,Q3,367527.27,210181.46,84675.06,41489.34,,1743.9,96387.76
MN,2017,Q3,185071.31,92756.87,44857.21,17967.8,0.0,315.33,77954.31
MS,2017,Q3,5462.07,,,2935.73,,,1282.45
MO,2017,Q3,,,,7163.0,,919.04,
MT,2017,Q3,48000.93,19849.2,13205.79,11799.13,0.0,496.13,17395.23
NE,2017,Q3,14373.86,3862.38,3645.54,5652.99,,,3569.25
NV,2017,Q3,11553.93,2481.27,3234.89,5306.59,0.0,,2765.98
NH,2017,Q3,,,,7386.48,,168.23,
NJ,2017,Q3,,,,14575.06,,538.77,
NM,2017,Q3,28335.24,11229.15,9400.47,4908.63,,283.31,7625.23
NY,2017,Q3,2493520.9,2027881.22,142965.07,23033.22,44382.57,747.99,705125.62
NC,2017,Q3,331766.94,231904.36,71044.59,33534.63,,200.19,120749.83
ND,2017,Q3,3420.92,,,1466.54,0.0,,761.42
OH,2017,Q3,5223273.79,4562690.12,362154.79,21239.22,,1135.17,973948.99
OK,2017,Q3,8047.01,,1711.14,2457.57,0.0,,3186.92
OR,2017,Q3,458189.11,264750.64,111818.24,41488.84,,1877.71,115244.94
PA,2017,Q3,1529561.51,1017050.9,245846.85,22793.5,,1782.3,461888.2
RI,2017,Q3,10004.81,5998.71,2380.58,1357.62,0.0,,2264.59
SC,2017,Q3,20292.83,5224.03,5572.85,7930.01,,218.56,12039.04
SD,2017,Q3,3563.8,,,2148.91,0.0,,1465.93
TN,2017,Q3,409954.08,333323.27,16629.21,10529.43,,951.57,111662.88
TX,2017,Q3,5352423.73,4381504.13,256098.75,34834.56,,3037.39,1070670.92
UT,2017,Q3,63532.84,36949.73,14135.47,2165.61,0.0,,16017.9
VT,2017,Q3,127887.68,63867.73,20356.41,3971.13,0.0,,27240.62
VA,2017,Q3,3846150.01,3441982.43,343425.56,33495.81,,631.77,646366.57
WA,2017,Q3,151173.56,45199.56,64752.79,29436.75,,1446.77,39664.09
WV,2017,Q3,3751.91,,1130.57,2425.76,0.0,,1319.87
WI,2017,Q3,2825877.92,2317178.68,,20357.01,24420.34,421.61,754939.04
WY,2017,Q3,16419.71,,2610.29,8852.46,0.0,337.06,3503.12
AL,2017,Q4,13178.81,,2124.47,6360.71,0.0,120.47,3855.34
AK,2017,Q4,38779.6,,14281.56,3161.22,0.0,116.38,8532.77
AZ,2017,Q4,45543.43,16470.1,15983.19,11458.15,0.0,492.09,8194.74
AR,2017,Q4,6511.34,,,3343.42,0.0,,1285.72
CA,2017,Q4,4805636.79,3799036.15,519746.69,84154.0,459023.95,3148.07,1207445.36
CO,2017,Q4,4820320.56,3979866.39,381648.78,40709.95,,2599.16,1203718.14
CT,2017,Q4,53206.83,30182.83,12360.13,6623.8,,265.1,15968.82
DE,2017,Q4,,,,2591.6,0.0,,
DC,2017,Q4,6702.04,,,2367.11,0.0,,3905.96
FL,2017,Q4,,,288070.69,33815.41,,2351.01,561029.17
GA,2017,Q4,3714365.35,3241213.95,115885.29,14769.9,,589.91,744725.95
HI,2017,Q4,20586.67,,8377.65,2542.68,,148.43,6787.13
ID,2017,Q4,8317.26,3247.72,3480.46,2555.3,,,5840.5
IL,2017,Q4,412404.56,311987.3,56568.2,26149.5,,1118.59,82906.19
IN,2017,Q4,48553.47,17753.54,15328.07,10848.69,0.0,410.86,14276.86
IA,2017,Q4,17166.03,1063.93,1777.03,12350.81,0.0,101.4,7236.14
KS,2017,Q4,9038.79,,2251.77,3144.99,0.0,,1886.46
KY,2017,Q4,34482.3,25301.21,7439.92,6582.4,,,26585.78
LA,2017,Q4,48948.84,,12161.52,5180.96,,122.34,
ME,2017,Q4,66017.97,26442.99,25992.93,9099.43,0.0,105.15,27337.09
MD,2017,Q4,57434.76,28476.11,16333.35,6025.38,,487.57,19138.71
MA,2017,Q4,123831.37,53075.9,38499.47,21301.58,,597.74,40507.58
MI,2017,Q4,346834.97,184311.79,79670.77,36456.4,,1295.92,114835.28
MN,2017,Q4,138933.46,82242.53,33372.43,15709.67,,320.81,54716.17
MS,2017,Q4,5482.86,,,2209.29,,,1580.89
MO,2017,Q4,,,,6921.16,,675.44,
MT,2017,Q4,35635.08,13667.22,10435.3,8744.88,0.0,370.83,16398.63
NE,2017,Q4,11151.3,3348.18,3358.99,4962.51,,192.36,2885.6
NV,2017,Q4,11293.16,2359.48,2530.17,4888.33,0.0,,2772.13
NH,2017,Q4,,,,8485.48,,133.95,
NJ,2017,Q4,,,,14067.52,,527.18,
NM,2017,Q4,26513.97,10472.89,8885.28,4580.39,0.0,184.63,8265.25
NY,2017,Q4,1863541.81,1568145.87,115022.18,22482.13,39304.35,778.07,656017.85
NC,2017,Q4,322018.17,225412.76,69728.35,30284.56,,274.52,122932.41
ND,2017,Q4,1669.26,0.0,,1526.99,0.0,,624.11
OH,2017,Q4,4612064.26,4178709.72,348343.28,23109.65,,968.01,848414.25
OK,2017,Q4,4616.69,0.0,,3671.96,0.0,,1313.86
OR,2017,Q4,379047.58,218729.0,301272.68,31589.3,,1430.47,113471.16
PA,2017,Q4,1178930.7,853394.86,228811.92,19002.24,29764.95,1358.32,388013.62
RI,2017,Q4,11846.91,4708.57,2402.63,2102.92,0.0,,2973.19
SC,2017,Q4,17245.11,4254.96,4905.03,7287.05,,169.66,11191.88
SD,2017,Q4,3272.58,,,1909.35,0.0,,1774.13
TN,2017,Q4,380901.12,,15577.07,11129.95,,800.22,98802.86
TX,2017,Q4,4924198.62,4278414.02,260861.44,37001.22,,1820.78,929703.09
UT,2017,Q4,45783.8,25669.78,10867.54,2053.81,,,12786.62
VT,2017,Q4,90388.98,46828.43,16582.5,4457.75,,,20338.15
VA,2017,Q4,3181478.99,2772563.25,322110.64,28892.29,,342.78,564436.87
WA,2017,Q4,129257.67,42987.68,52037.91,24397.75,,966.55,37912.52
WV,2017,Q4,2880.63,,925.28,1780.58,0.0,,1147.44
WI,2017,Q4,2407303.88,1925305.66,,16334.76,21278.75,313.29,735267.07
WY,2017,Q4,11110.48,,1630.7,7519.74,0.0,208.42,3418.68
AL,2018,Q1,13456.25,,2548.46,7954.52,0.0,145.09,4899.98
AK,2018,Q1,49548.9,,13664.12,4863.09,,121.31,14306.25
AZ,2018,Q1,47567.28,13803.57,17720.13,12622.99,0.0,500.02,8134.84
AR,2018,Q1,6242.87,2006.33,1233.81,2266.57,0.0,,2884.34
CA,2018,Q1,5341151.22,3736868.7,538250.24,86471.99,,3339.95,1398948.69
CO,2018,Q1,4658967.93,3256826.94,375510.45,44425.39,,2614.36,1838309.49
CT,2018,Q1,55410.39,28009.36,11912.62,7498.0,,247.22,17788.82
DE,2018,Q1,,,,2747.44,0.0,0.0,
DC,2018,Q1,7163.25,,,2646.06,0.0,,3929.43
FL,2018,Q1,,,326122.46,36326.59,,1128.75,579828.65
GA,2018,Q1,3925815.93,3240341.87,119004.19,15092.72,,884.6,855803.6
HI,2018,Q1,19946.05,,9173.05,3075.34,,152.52,5224.32
ID,2018,Q1,9732.26,3404.65,4436.12,2716.55,0.0,,6120.6
IL,2018,Q1,359247.28,244759.2,53386.82,30496.41,,1191.84,93365.5
IN,2018,Q1,47730.36,16891.63,14549.1,11012.83,0.0,429.78,16360.2
IA,2018,Q1,23244.83,1066.71,1643.45,16813.64,0.0,171.06,8774.84
KS,2018,Q1,6950.98,,1613.82,3113.95,0.0,186.89,2342.33
KY,2018,Q1,44642.26,26246.48,7214.44,9491.47,,,32211.53
LA,2018,Q1,55782.35,,,6306.29,,111.22,
ME,2018,Q1,65343.92,22857.52,25379.94,8147.84,0.0,253.51,30850.29
MD,2018,Q1,61943.44,28902.75,16413.46,7237.45,,680.76,25722.84
MA,2018,Q1,137977.13,65271.36,38649.49,14491.81,,338.79,46085.44
MI,2018,Q1,373725.54,215640.94,91514.95,32479.39,,1430.64,132541.02
MN,2018,Q1,153719.51,68614.38,36907.12,18736.48,,425.15,61720.63
MS,2018,Q1,5589.73,,,2281.15,0.0,,1549.66
MO,2018,Q1,,,,7110.15,,289.87,
MT,2018,Q1,40796.03,13914.65,10618.6,10121.66,,310.62,16400.52
NE,2018,Q1,12517.02,3081.59,2745.55,5596.81,0.0,218.89,3778.77
NV,2018,Q1,15470.39,2088.5,5061.5,6359.42,0.0,,7637.35
NH,2018,Q1,,,,8716.01,,270.96,
NJ,2018,Q1,,,,11771.89,,929.32,
NM,2018,Q1,25932.7,10159.17,9417.08,4663.37,0.0,102.7,10845.46
NY,2018,Q1,2131876.25,1658810.16,120068.61,28378.12,36691.03,1313.86,754108.15
NC,2018,Q1,307964.61,209947.87,69855.04,32648.74,,220.12,152525.49
ND,2018,Q1,1879.34,0.0,,1463.09,0.0,,947.65
OH,2018,Q1,4510931.85,3835683.9,338018.49,22207.38,,750.65,940063.9
OK,2018,Q1,4604.93,0.0,,3856.52,0.0,148.39,1283.06
OR,2018,Q1,404818.72,234237.03,97890.34,27571.45,,1473.68,124655.82
PA,2018,Q1,1338290.78,864389.25,227213.94,20741.99,,1120.71,462483.02
RI,2018,Q1,10609.49,4034.04,2045.89,3216.97,0.0,,4084.09
SC,2018,Q1,19565.68,4203.45,4034.78,8563.93,,56.24,13626.3
SD,2018,Q1,3124.03,,,2074.59,0.0,,1935.45
TN,2018,Q1,407104.38,322063.27,13482.83,12699.6,,866.41,115503.04
TX,2018,Q1,5144379.39,3977140.46,276295.62,40398.95,,2327.21,1062895.26
UT,2018,Q1,59878.09,28080.27,14196.4,2264.44,,,17181.19
VT,2018,Q1,86410.61,41337.23,14260.2,6235.07,,9.11,20345.15
VA,2018,Q1,3142146.64,2527484.99,319340.32,29326.88,,627.79,709462.56
WA,2018,Q1,138059.06,42698.76,52934.58,31244.57,68.31,1078.2,41897.63
WV,2018,Q1,2904.36,,811.62,1825.68,0.0,,1348.73
WI,2018,Q1,2889285.74,2193586.12,,16046.3,18079.04,283.93,863818.51
WY,2018,Q1,12299.92,,,7853.42,0.0,,3453.81
AL,2018,Q2,17619.64,,2736.41,11113.39,0.0,566.62,6421.07
AK,2018,Q2,59071.61,,19039.47,9852.2,,170.92,12595.05
AZ,2018,Q2,51362.5,15940.97,20333.14,12819.9,0.0,483.34,8337.76
AR,2018,Q2,9601.35,,423.98,8537.0,0.0,,3238.25
CA,2018,Q2,5767631.0,4221091.61,541527.42,99933.11,,3856.29,1425699.8
CO,2018,Q2,5621064.73,4653554.14,424898.45,51631.77,,2901.51,1786122.46
CT,2018,Q2,63688.66,31879.61,15395.61,6844.56,,352.99,20086.24
DE,2018,Q2,,,,3795.21,0.0,,
DC,2018,Q2,7530.89,,,1839.46,0.0,,3686.03
FL,2018,Q2,,,306241.27,33282.22,21657.43,1450.02,606798.21
GA,2018,Q2,4308215.09,3681073.22,122239.96,13756.69,,715.37,888896.42
HI,2018,Q2,21453.91,,8689.71,3300.64,,209.06,6099.62
ID,2018,Q2,10039.83,4110.52,3884.53,3528.41,0.0,,5923.58
IL,2018,Q2,468052.87,341925.44,61155.63,35423.84,,1227.16,93772.58
IN,2018,Q2,50931.52,17547.93,13930.54,13344.89,,475.67,16013.89
IA,2018,Q2,29342.23,1193.98,2108.94,22118.41,0.0,212.29,9130.77
KS,2018,Q2,7626.86,,1637.37,3605.78,0.0,,2259.48
KY,2018,Q2,48428.12,42249.55,7964.05,8205.09,,262.37,26778.59
LA,2018,Q2,53600.92,,12883.83,7232.15,,131.16,22544.04
ME,2018,Q2,70999.05,28306.94,29926.7,14458.08,0.0,190.43,24550.6
MD,2018,Q2,101143.96,68235.18,18514.9,8847.74,,647.57,31414.36
MA,2018,Q2,171647.04,85219.97,50614.67,17760.15,,524.32,47541.11
MI,2018,Q2,452184.16,267329.88,109791.05,35626.53,,1355.26,131753.51
MN,2018,Q2,192138.75,94811.65,40228.83,24345.45,0.0,669.49,73960.08
MS,2018,Q2,6111.79,,,3101.53,0.0,,1664.77
MO,2018,Q2,,,,7904.14,,601.42,
MT,2018,Q2,49814.62,19075.61,12516.3,13449.86,,424.62,18235.35
NE,2018,Q2,13118.01,3643.21,2904.84,6462.38,,192.63,3571.71
NV,2018,Q2,16860.11,2847.54,5142.42,6582.63,0.0,,4022.76
NH,2018,Q2,,,,10334.83,,151.79,
NJ,2018,Q2,,,,16598.1,,709.54,
NM,2018,Q2,27273.54,10874.45,8529.74,5772.73,,139.28,9813.66
NY,2018,Q2,2522254.3,2154230.84,132111.78,36854.1,46611.83,944.4,691965.93
NC,2018,Q2,383139.84,267455.82,86317.62,41633.65,,479.96,160754.62
ND,2018,Q2,1951.89,0.0,,1580.69,0.0,,1269.64
OH,2018,Q2,5287984.48,4631653.17,370513.47,28479.61,,1338.69,948113.62
OK,2018,Q2,4203.15,0.0,,3362.6,0.0,154.95,1449.98
OR,2018,Q2,452945.25,274277.5,110622.27,35367.06,,1762.38,119202.77
PA,2018,Q2,1567393.65,1145167.08,235895.59,22669.51,26660.93,1810.77,458242.34
RI,2018,Q2,18525.52,8550.02,4483.75,3793.56,0.0,0.0,4993.2
SC,2018,Q2,24778.11,6394.64,4820.24,10035.73,,237.69,13425.63
SD,2018,Q2,3706.36,,,2568.33,0.0,,1801.17
TN,2018,Q2,557773.2,436264.42,17260.2,14906.18,,930.46,162173.89
TX,2018,Q2,5892958.22,4783165.14,289864.2,45773.49,,2304.92,1105098.98
UT,2018,Q2,61781.6,30861.45,14487.27,2867.62,0.0,,16461.67
VT,2018,Q2,99665.57,47890.76,18098.83,3798.41,0.0,25.19,24554.15
VA,2018,Q2,4239849.53,3589760.15,352034.83,35414.07,,309.44,790813.8
WA,2018,Q2,151559.7,44887.06,59779.78,34412.52,,1298.67,44659.52
WV,2018,Q2,2536.51,,606.98,1854.27,0.0,,1226.49
WI,2018,Q2,3318731.63,2697632.9,,20061.89,22336.12,540.41,834485.83
WY,2018,Q2,15531.49,,5843.92,2553.72,,,4172.88
AL,2018,Q3,17543.53,,2220.29,12709.65,0.0,167.97,6878.74
AK,2018,Q3,57665.52,,16976.64,10451.6,,335.75,14838.64
AZ,2018,Q3,45187.97,13618.22,16513.29,11385.16,0.0,573.83,9088.49
AR,2018,Q3,8908.17,,405.37,7452.76,0.0,,4747.19
CA,2018,Q3,5674776.86,4430778.37,524314.58,99757.82,,3296.98,1351686.78
CO,2018,Q3,5458999.8,4535217.73,413234.9,47573.07,144262.89,3202.36,1629862.53
CT,2018,Q3,58094.31,33121.98,13401.7,5814.61,,108.89,18611.97
DE,2018,Q3,,,,4025.63,0.0,,
DC,2018,Q3,8470.09,,,3027.92,0.0,0.0,3999.28
FL,2018,Q3,,,282705.6,37191.32,,1243.75,609812.38
GA,2018,Q3,4263108.26,3634692.49,107418.95,11635.52,,680.01,936018.87
HI,2018,Q3,24211.16,,9032.66,3661.92,,192.06,7225.26
ID,2018,Q3,10410.79,4777.26,4429.38,4063.27,0.0,,5582.74
IL,2018,Q3,434649.16,315615.61,55513.24,37430.16,,1522.74,95726.97
IN,2018,Q3,53426.51,17249.75,15328.95,14006.93,0.0,364.13,18471.41
IA,2018,Q3,29401.26,,2204.52,22694.28,0.0,161.71,8868.31
KS,2018,Q3,6957.53,,1489.4,3228.55,0.0,,2508.66
KY,2018,Q3,45783.91,35930.22,7026.13,8447.39,,287.87,22466.98
LA,2018,Q3,46429.69,,9607.25,6889.86,,309.07,
ME,2018,Q3,66135.72,21391.99,27302.85,15949.92,,244.5,23332.93
MD,2018,Q3,91115.61,65499.41,17804.91,7562.23,,955.47,28394.16
MA,2018,Q3,150998.4,78931.85,44287.29,16108.95,,323.0,39652.36
MI,2018,Q3,388587.56,229497.29,88198.16,39906.55,,1457.72,127095.65
MN,2018,Q3,227600.44,134195.38,41229.57,27033.52,0.0,373.91,80346.71
MS,2018,Q3,6084.08,,,3131.86,,,1620.7
MO,2018,Q3,,,,8614.84,,674.55,
MT,2018,Q3,48999.22,17470.16,12395.03,14479.95,,573.41,16917.89
NE,2018,Q3,14914.79,3413.83,2882.33,7088.94,0.0,205.74,4854.4
NV,2018,Q3,15734.52,3379.24,5689.67,4388.65,0.0,,3904.38
NH,2018,Q3,,,,10562.93,,250.93,
NJ,2018,Q3,,,,17714.19,,724.28,
NM,2018,Q3,31083.64,13458.51,9891.02,5600.14,0.0,330.45,10951.1
NY,2018,Q3,2442654.15,2053255.07,142843.89,39492.75,46402.81,1120.7,625203.14
NC,2018,Q3,339243.87,232573.04,71098.48,40379.64,,432.78,161119.3
ND,2018,Q3,2276.54,0.0,,1889.01,0.0,,1546.93
OH,2018,Q3,4618305.03,4182497.12,339388.96,31400.49,,1146.56,795780.78
OK,2018,Q3,6544.33,,,4914.55,0.0,,2633.57
OR,2018,Q3,448528.82,265501.79,109314.32,39054.68,,1231.65,121564.43
PA,2018,Q3,1565781.12,1175608.79,238118.01,25197.9,,1891.43,453189.59
RI,2018,Q3,21093.73,10721.42,5133.93,4669.98,0.0,,4385.01
SC,2018,Q3,23992.66,5135.17,3069.32,10383.22,,210.56,12810.96
SD,2018,Q3,4376.65,,,2882.92,0.0,,1610.04
TN,2018,Q3,559361.04,509483.25,12120.92,15005.74,,887.67,142934.12
TX,2018,Q3,6450131.57,4629722.34,267843.77,41670.25,,2109.08,1119250.55
UT,2018,Q3,55937.68,29128.91,12707.49,2387.77,0.0,,17248.75
VT,2018,Q3,103049.76,52399.74,18919.94,5513.33,,12.64,21478.45
VA,2018,Q3,3903437.69,3449843.44,319880.35,31549.35,,296.19,609755.3
WA,2018,Q3,176406.12,57583.71,65776.96,38322.63,,2836.35,58083.83
WV,2018,Q3,3265.71,,1058.64,1983.31,0.0,,1355.63
WI,2018,Q3,3000143.94,2421403.9,,21436.41,14287.2,428.81,760730.66
WY,2018,Q3,11440.61,,4879.16,2748.64,,,3076.3
AL,2018,Q4,16787.65,,2403.51,11016.24,0.0,151.49,8302.16
AK,2018,Q4,39498.66,,13377.3,6458.77,0.0,106.11,10763.32
AZ,2018,Q4,53876.07,13505.01,19093.6,12177.67,0.0,,9297.13
AR,2018,Q4,8247.42,,325.24,7292.27,0.0,130.72,2568.84
CA,2018,Q4,4811313.09,3823175.18,492217.0,97557.59,,2422.2,1290877.51
CO,2018,Q4,4662423.98,4014433.4,386295.14,41609.94,,2615.42,1374410.95
CT,2018,Q4,47354.1,24617.9,10335.69,25489.61,,355.95,9052.94
DE,2018,Q4,,,,3248.52,0.0,,
DC,2018,Q4,6730.78,,,2583.77,0.0,,3632.35
FL,2018,Q4,,,295324.18,38952.03,21915.79,1805.23,551200.26
GA,2018,Q4,3576778.24,3111157.86,112583.88,12991.77,,477.32,873664.88
HI,2018,Q4,18744.24,,7926.0,2455.56,,151.99,6537.72
ID,2018,Q4,7642.3,2954.27,3235.58,3379.51,0.0,,5868.71
IL,2018,Q4,399881.76,308337.63,51142.9,34150.13,,733.81,82440.8
IN,2018,Q4,47972.77,17246.21,13825.17,13043.22,0.0,253.06,20344.28
IA,2018,Q4,27784.87,,3399.54,13631.39,,160.76,9941.89
KS,2018,Q4,7006.43,,1601.77,3094.29,0.0,,2549.59
KY,2018,Q4,43417.99,25257.34,6448.44,7084.92,,298.33,26509.57
LA,2018,Q4,45204.22,,11309.76,7876.53,,269.51,
ME,2018,Q4,52154.39,15673.84,21517.75,11210.91,0.0,144.51,23434.72
MD,2018,Q4,83985.32,61916.8,18239.03,7847.93,,1038.68,30053.36
MA,2018,Q4,123369.96,64489.35,34453.73,17889.7,598.34,245.23,29458.87
MI,2018,Q4,303849.26,195054.79,75617.03,35892.45,,1672.6,120284.12
MN,2018,Q4,195209.98,144643.19,34276.4,23104.37,,471.14,69333.65
MS,2018,Q4,5470.07,,,2888.07,,,1545.64
MO,2018,Q4,,,,7630.8,,878.57,
MT,2018,Q4,40263.97,13149.2,8944.11,11761.07,,420.83,18043.98
NE,2018,Q4,12804.49,2975.6,2684.5,6655.48,0.0,283.82,4528.56
NV,2018,Q4,16656.32,4041.13,5732.45,5115.07,0.0,,3698.82
NH,2018,Q4,,,,11403.48,0.0,308.99,
NJ,2018,Q4,,,,15381.6,,729.72,
NM,2018,Q4,32232.44,13720.81,9980.96,5744.06,0.0,272.1,13308.88
NY,2018,Q4,1972283.83,1585270.1,100193.44,39186.45,26600.32,1141.89,644988.89
NC,2018,Q4,325642.31,229731.38,72884.47,71486.22,,442.26,155467.59
ND,2018,Q4,2390.27,,,1793.45,0.0,,1091.41
OH,2018,Q4,4115721.46,3559949.94,317959.25,28501.33,,911.51,837820.68
OK,2018,Q4,6229.17,,,4866.61,0.0,,2624.42
OR,2018,Q4,364208.67,217816.58,88298.82,29536.94,,1060.9,113475.08
PA,2018,Q4,1162925.93,950655.69,208439.39,23312.79,18845.78,1327.35,356829.64
RI,2018,Q4,17787.41,8962.77,3967.11,4278.86,0.0,,4075.58
SC,2018,Q4,19467.53,3749.61,2805.76,9749.69,,379.72,14731.85
SD,2018,Q4,3604.23,,,2224.33,0.0,,1775.13
TN,2018,Q4,538601.15,483173.85,11267.53,14965.11,,,117595.82
TX,2018,Q4,4273960.96,3610654.4,253291.22,43208.77,,1996.11,978109.92
UT,2018,Q4,45879.55,22747.14,9843.06,3033.07,,,15555.07
VT,2018,Q4,86162.82,45544.42,15341.57,4874.57,0.0,13.56,17424.33
VA,2018,Q4,3333789.34,2810999.43,296116.4,30396.44,,309.81,603051.28
WA,2018,Q4,141318.62,44327.62,51394.69,33578.54,,865.95,67227.17
WV,2018,Q4,2875.35,,801.44,2139.9,0.0,,1370.24
WI,2018,Q4,2335088.64,1911920.69,,18633.91,10804.02,285.09,638845.56
WY,2018,Q4,8628.29,,3413.11,2142.3,,,3397.66
AL,2019,Q1,16953.88,,2193.75,10478.06,0.0,,7964.99
AK,2019,Q1,42415.42,,11233.53,7334.82,,100.07,13153.9
AZ,2019,Q1,52992.09,15253.26,20908.48,14546.36,0.0,661.92,9190.14
AR,2019,Q1,8476.36,,1159.55,4092.73,0.0,,2978.65
CA,2019,Q1,4857908.2,3584543.52,496344.94,89949.3,,3113.51,1343783.63
CO,2019,Q1,4954843.69,3816768.55,398659.45,39331.7,,2835.22,1643253.0
CT,2019,Q1,49372.81,27885.84,11082.62,6525.83,,526.7,16350.15
DE,2019,Q1,,,,3289.63,0.0,,
DC,2019,Q1,7007.44,,,2822.8,0.0,,3183.36
FL,2019,Q1,,,322997.59,50077.22,17466.15,2321.42,576339.84
GA,2019,Q1,3953170.06,3382591.72,135105.19,10254.15,,449.48,942705.4
HI,2019,Q1,20945.72,,8880.85,3877.63,,170.02,6047.9
ID,2019,Q1,7398.0,2680.56,3059.68,3209.83,0.0,258.92,5859.55
IL,2019,Q1,396487.18,285589.67,50191.23,27626.71,,928.11,85626.1
IN,2019,Q1,51871.89,16349.3,14019.65,13151.08,0.0,414.12,22989.18
IA,2019,Q1,27209.08,,3621.02,13468.03,,161.81,10631.06
KS,2019,Q1,7348.35,,1637.97,3422.21,0.0,,2872.79
KY,2019,Q1,44078.93,25014.17,4407.38,7594.49,0.0,96.25,19837.13
LA,2019,Q1,53704.64,,,10885.26,,300.84,
ME,2019,Q1,54042.16,15748.52,23047.74,9763.57,,,22301.75
MD,2019,Q1,97424.5,68340.33,17271.18,8409.24,,867.95,35517.06
MA,2019,Q1,136650.8,58377.89,35084.44,18921.6,,339.77,44844.91
MI,2019,Q1,382743.16,213833.15,86313.12,31261.03,,974.94,153944.77
MN,2019,Q1,268964.58,170682.88,31362.23,18170.2,,292.12,112849.52
MS,2019,Q1,6242.99,,,2862.32,0.0,,1668.1
MO,2019,Q1,,,,7950.72,,498.35,
MT,2019,Q1,41398.43,12246.34,9622.16,12180.55,0.0,736.81,18507.36
NE,2019,Q1,13717.59,,2259.7,6381.62,0.0,363.76,4750.17
NV,2019,Q1,19315.84,4194.17,6382.38,5901.68,0.0,,3142.4
NH,2019,Q1,,,,10679.85,,340.1,
NJ,2019,Q1,,,,24987.15,,542.0,
NM,2019,Q1,29897.16,12399.93,9429.65,5908.8,0.0,313.09,13489.8
NY,2019,Q1,2243365.07,1811396.42,108683.29,45771.45,20601.58,1090.62,708078.99
NC,2019,Q1,318660.68,211024.93,72024.77,36131.29,,467.63,156018.62
ND,2019,Q1,2622.65,0.0,,2142.83,0.0,15.66,1137.71
OH,2019,Q1,4506075.34,3782483.64,331644.0,26282.57,,929.92,961561.08
OK,2019,Q1,6836.16,,,5165.25,0.0,184.67,3310.51
OR,2019,Q1,387234.41,217792.08,82513.52,28452.69,,1151.11,131328.5
PA,2019,Q1,1447272.11,1068256.11,188441.67,21598.14,21729.83,1500.73,398320.63
RI,2019,Q1,19616.77,8442.96,3982.7,4206.64,0.0,236.81,5888.39
SC,2019,Q1,21259.18,4227.26,2782.98,10440.17,,450.23,13227.44
SD,2019,Q1,3078.84,,,2193.94,0.0,,1857.87
TN,2019,Q1,670705.95,547980.65,10727.32,15590.21,,803.79,156590.35
TX,2019,Q1,4917042.72,4021818.47,271727.94,46141.47,,1658.87,1109137.71
UT,2019,Q1,42308.98,18371.25,9261.05,4425.19,,,15984.2
VT,2019,Q1,92002.9,40694.28,16453.14,7518.22,0.0,12.29,22464.31
VA,2019,Q1,3478258.48,2767035.65,299529.64,36648.42,,358.85,713214.05
WA,2019,Q1,141770.84,42185.04,49597.37,34626.31,,790.45,84931.45
WV,2019,Q1,2991.99,,744.96,2059.87,0.0,,1554.3
WI,2019,Q1,2235945.1,1666945.01,,16190.0,10104.0,127.71,876761.95
WY,2019,Q1,10092.11,,3599.48,2862.36,,,4375.34
AL,2019,Q2,20602.68,,2377.78,14444.19,0.0,180.46,6834.07
AK,2019,Q2,62073.99,,17835.8,10049.75,,199.01,15575.98
AZ,2019,Q2,56255.51,18572.64,20297.99,13216.0,0.0,715.93,8159.27
AR,2019,Q2,10515.81,,1248.96,5687.83,0.0,,2620.74
CA,2019,Q2,5450121.69,4309228.27,531820.48,111083.43,,2687.24,1370103.77
CO,2019,Q2,5821162.48,4765939.17,415322.02,60245.0,,2517.15,1706065.38
CT,2019,Q2,59618.11,27932.47,13131.92,8848.28,,793.55,21210.55
DE,2019,Q2,,,,3930.66,0.0,,
DC,2019,Q2,9489.35,,,4863.21,0.0,0.0,3617.45
FL,2019,Q2,,,300386.06,48433.4,18418.32,2016.1,584506.42
GA,2019,Q2,4086221.7,3602069.71,149150.66,20712.67,,662.9,903011.62
HI,2019,Q2,22608.29,,9027.99,3115.36,,216.29,7113.43
ID,2019,Q2,11442.35,5021.02,4430.04,4162.85,0.0,,5895.8
IL,2019,Q2,463395.06,340890.77,51574.17,34525.07,,1391.6,91384.2
IN,2019,Q2,57336.22,17370.54,13461.31,15158.31,0.0,209.94,23749.72
IA,2019,Q2,34798.51,7261.32,5007.9,18635.02,,186.82,10888.51
KS,2019,Q2,8786.7,,1862.07,4202.22,,71.78,3668.76
KY,2019,Q2,56285.35,46225.99,7272.03,8251.91,0.0,143.97,31088.25
LA,2019,Q2,54293.8,,,16819.59,,410.75,
ME,2019,Q2,63551.61,19712.79,27623.15,11908.25,0.0,163.82,23307.97
MD,2019,Q2,99434.48,77446.18,20021.4,8890.06,,1089.24,25300.64
MA,2019,Q2,181356.84,94774.62,45613.94,23834.53,,239.28,46790.96
MI,2019,Q2,440544.26,277282.02,102538.75,36191.84,,1436.82,138788.85
MN,2019,Q2,327967.45,273451.76,41202.22,25028.87,,364.58,76928.16
MS,2019,Q2,5707.49,,,3159.42,,,1646.29
MO,2019,Q2,,,,9166.46,,825.9,
MT,2019,Q2,50021.75,18762.6,10994.77,15089.25,,852.11,20318.29
NE,2019,Q2,14781.78,,2542.69,7890.49,0.0,243.28,4944.93
NV,2019,Q2,20759.56,4052.0,6563.71,6677.07,0.0,0.0,5445.31
NH,2019,Q2,,,,12757.82,0.0,283.71,
NJ,2019,Q2,,,,19095.94,,611.13,
NM,2019,Q2,36986.1,15509.41,10787.26,7580.43,,112.13,9539.31
NY,2019,Q2,2576223.43,2205746.12,133930.9,44576.12,,1057.3,631595.08
NC,2019,Q2,366980.46,271973.67,82997.78,44267.81,,790.06,154547.46
ND,2019,Q2,3236.19,0.0,,2756.27,0.0,48.91,1221.29
OH,2019,Q2,4836794.13,4295578.18,339368.5,36600.01,,1046.63,918185.3
OK,2019,Q2,7158.66,,293.93,6178.13,0.0,145.37,2288.33
OR,2019,Q2,455422.92,279213.23,96707.93,38982.16,,1458.02,133343.11
PA,2019,Q2,1783960.84,1382507.82,213083.8,22614.69,,1554.7,470676.03
RI,2019,Q2,27200.85,13588.76,6119.2,6714.71,0.0,,6316.01
SC,2019,Q2,27550.17,5794.98,4727.51,12491.6,,399.46,16094.62
SD,2019,Q2,4406.9,,,3332.74,0.0,,1732.84
TN,2019,Q2,765339.3,637679.39,11054.79,16822.91,0.0,873.72,179714.24
TX,2019,Q2,5187121.12,4511303.89,268562.27,54927.12,,2055.38,1056924.83
UT,2019,Q2,53665.82,29692.01,10804.18,4794.09,0.0,145.92,17933.74
VT,2019,Q2,95613.15,47012.67,17570.41,8281.08,,13.17,21552.55
VA,2019,Q2,4284889.99,3566139.32,314472.39,45636.34,114145.46,350.93,717662.43
WA,2019,Q2,174361.65,53749.7,59330.68,42998.52,,968.06,47222.99
WV,2019,Q2,3527.89,,1102.79,2030.7,0.0,,1738.22
WI,2019,Q2,2925344.0,2385460.0,,21764.0,11309.21,237.13,2624853.0
WY,2019,Q2,14227.3,,5848.0,2676.7,,294.96,3140.5
AL,2019,Q3,19946.14,,2472.43,12707.98,0.0,156.9,7058.28
AK,2019,Q3,45124.01,,14936.89,8288.06,,227.97,
AZ,2019,Q3,52398.36,16334.52,17914.21,12736.5,0.0,625.69,9982.5
AR,2019,Q3,9986.56,,1208.18,4963.13,0.0,42.66,3211.07
CA,2019,Q3,5404249.85,4252067.63,503582.51,113005.56,,4179.33,1264697.23
CO,2019,Q3,5375855.97,4589749.24,388330.22,52039.14,,3172.51,1604657.25
CT,2019,Q3,65965.71,34582.47,14056.9,10049.71,,860.15,22633.36
DE,2019,Q3,,,,4126.78,0.0,205.31,
DC,2019,Q3,4156.47,0.0,0.0,4147.2,0.0,0.0,2209.73
FL,2019,Q3,,,273789.85,42214.62,,1850.88,505545.06
GA,2019,Q3,3490608.71,3115693.75,108957.53,16744.04,,560.6,873924.64
HI,2019,Q3,20846.14,,8929.74,2581.14,,196.71,6781.32
ID,2019,Q3,11914.21,5707.21,4443.54,4312.36,0.0,196.37,6602.62
IL,2019,Q3,433718.54,332421.36,50731.8,34823.06,,1075.13,87006.06
IN,2019,Q3,47382.79,16653.34,13321.1,15038.98,0.0,239.68,21852.03
IA,2019,Q3,34275.57,8398.92,5001.38,17089.78,,221.08,10861.47
KS,2019,Q3,8739.49,,2164.83,4336.18,0.0,217.72,3425.97
KY,2019,Q3,49029.92,42363.76,6966.93,9798.92,0.0,449.71,25786.82
LA,2019,Q3,47125.66,,,15580.95,,257.84,
ME,2019,Q3,66710.96,22110.04,27302.65,14170.22,,203.91,24707.62
MD,2019,Q3,100205.04,84050.63,18155.09,8460.67,,1363.24,20241.6
MA,2019,Q3,139305.98,71720.25,37832.62,26089.24,281.61,243.93,40477.57
MI,2019,Q3,405487.21,247384.12,84641.02,40761.81,,1640.41,134548.85
MN,2019,Q3,533079.69,,42823.85,29241.29,,416.65,105712.47
MS,2019,Q3,5531.66,,,3093.34,,,1413.72
MO,2019,Q3,,,,9154.53,,785.4,
MT,2019,Q3,48439.11,17958.7,10817.47,16043.03,,731.61,13929.43
NE,2019,Q3,14269.35,,2306.09,7650.77,0.0,218.42,5742.38
NV,2019,Q3,20421.22,4493.27,6064.1,5823.95,0.0,0.0,3653.9
NH,2019,Q3,,,,14898.74,0.0,501.9,
NJ,2019,Q3,,,,20908.62,,499.46,
NM,2019,Q3,35724.09,14847.55,9756.92,8281.69,0.0,,15315.05
NY,2019,Q3,2414551.37,2008527.08,126313.2,43134.3,,1363.12,619224.98
NC,2019,Q3,356839.06,255725.61,74584.25,41899.26,,655.56,159955.41
ND,2019,Q3,3264.63,0.0,,2547.42,0.0,42.17,1609.64
OH,2019,Q3,4806037.28,4207824.69,356451.28,39133.7,,1156.77,858338.64
OK,2019,Q3,7479.62,,359.29,5939.73,0.0,199.75,2755.66
OR,2019,Q3,413162.11,253668.46,91820.03,38024.79,688.19,1504.82,124632.93
PA,2019,Q3,1802747.38,1442297.04,226164.68,24391.9,,1776.23,445677.52
RI,2019,Q3,25915.54,12401.75,6308.14,7682.51,0.0,,4257.71
SC,2019,Q3,24155.94,4653.66,3375.42,12587.33,,321.95,16267.56
SD,2019,Q3,5447.83,,,3261.4,0.0,,2175.19
TN,2019,Q3,821762.2,773737.59,7688.46,16947.66,,946.55,172043.71
TX,2019,Q3,5234896.91,4426447.1,256704.75,55026.2,,1824.41,973695.98
UT,2019,Q3,37626.24,19765.65,8602.09,5360.28,,,13384.45
VT,2019,Q3,93920.32,45931.97,18027.58,8941.88,0.0,53.18,22930.88
VA,2019,Q3,4022305.02,3385871.24,294382.36,44595.39,122944.68,891.51,674610.63
WA,2019,Q3,172197.77,57634.56,54816.69,44166.09,,885.44,42406.95
WV,2019,Q3,3871.29,,1113.43,2505.11,0.0,,2007.31
WI,2019,Q3,2686477.0,2292470.0,,23188.0,5114.0,180.13,746558.75
WY,2019,Q3,16855.01,,5891.64,4103.25,,336.96,3616.4
AL,2019,Q4,16748.42,,2018.1,11198.69,0.0,182.2,7019.71
AK,2019,Q4,37425.85,,,7492.56,0.0,154.92,9342.75
AZ,2019,Q4,91700.29,,31358.57,13110.69,0.0,557.77,38945.33
AR,2019,Q4,9892.54,,,5282.7,0.0,40.29,2945.1
CA,2019,Q4,4395137.83,3406505.43,480020.06,108777.08,,2583.51,1179172.13
CO,2019,Q4,4796287.6,4180189.46,369080.86,40197.46,,2159.91,1339529.9
CT,2019,Q4,48876.99,23842.88,8625.68,9972.1,,735.76,23631.01
DE,2019,Q4,,,,3131.73,0.0,,
FL,2019,Q4,,,283927.73,47731.19,,1334.3,498001.31
GA,2019,Q4,3110370.93,2772785.4,111661.39,17359.3,,684.7,731419.22
HI,2019,Q4,19603.31,,8273.15,3017.35,,,7314.47
ID,2019,Q4,7728.22,4165.8,3261.96,3157.53,0.0,,5991.27
IL,2019,Q4,354478.34,267855.32,49044.2,31558.13,,932.22,72161.63
IN,2019,Q4,40956.28,14112.67,11288.66,14292.39,0.0,183.86,18528.16
IA,2019,Q4,31368.27,,4795.22,14877.25,,209.96,11153.64
KS,2019,Q4,6751.62,,1815.08,3291.47,0.0,263.1,3391.79
KY,2019,Q4,46443.85,30975.35,5968.66,6101.94,0.0,,32513.9
LA,2019,Q4,45455.49,,,16106.22,,316.54,
ME,2019,Q4,54573.7,17494.53,24521.91,11580.4,,81.72,23063.0
MD,2019,Q4,90852.49,72265.42,17323.99,7627.4,,1025.04,26342.09
MA,2019,Q4,120658.63,56938.78,32677.72,23656.64,,298.19,42056.47
MI,2019,Q4,352865.49,209526.72,75508.13,33330.25,,1639.33,137375.44
MN,2019,Q4,605523.95,,31691.07,29137.05,,340.82,66173.65
MS,2019,Q4,5731.86,,,2806.02,,,1699.45
MO,2019,Q4,,,,8987.02,,982.6,
MT,2019,Q4,37456.85,12025.1,8453.31,11956.31,,534.84,18520.73
NE,2019,Q4,13342.77,,2141.02,6333.26,0.0,161.74,4853.63
NV,2019,Q4,20117.24,4899.02,6793.66,5056.3,0.0,,3631.15
NJ,2019,Q4,,,,18763.65,,432.01,
NM,2019,Q4,32143.51,13875.13,8762.87,7931.26,,86.43,13989.38
NY,2019,Q4,2156093.04,1771916.08,108644.43,36584.53,44343.78,1397.24,614183.07
NC,2019,Q4,337395.69,245401.35,72419.4,41103.21,,775.03,171943.53
ND,2019,Q4,2896.33,,,2772.07,0.0,26.79,1336.41
OH,2019,Q4,4455450.83,3900589.58,346952.42,36217.14,,1440.81,799882.06
OK,2019,Q4,7196.11,,,6020.99,0.0,137.84,2677.3
OR,2019,Q4,350111.0,219427.32,79034.87,31485.93,1355.16,894.95,105199.1
PA,2019,Q4,1532228.02,1283626.85,195071.47,24165.74,,1474.13,413243.9
RI,2019,Q4,21664.16,9606.79,4017.43,5980.86,0.0,136.58,5161.03
SC,2019,Q4,25818.26,3133.58,3596.67,18081.16,0.0,498.6,19124.35
SD,2019,Q4,3572.09,,,2598.69,0.0,,1677.08
TN,2019,Q4,768133.66,682904.77,6325.15,16062.55,,,173163.25
TX,2019,Q4,4566741.36,3980644.98,268340.28,54084.58,,2321.3,852436.74
UT,2019,Q4,44006.65,22083.61,9707.55,5232.2,0.0,,13286.22
VT,2019,Q4,89662.98,47105.79,18535.83,7890.69,,44.88,37805.87
VA,2019,Q4,3730061.91,3119267.02,282993.96,45122.22,131377.56,221.65,625256.33
WA,2019,Q4,152382.04,49860.4,50921.32,37149.15,,692.54,43441.4
WV,2019,Q4,3244.57,,1056.0,2292.42,0.0,29.43,1885.51
WI,2019,Q4,2498307.0,2026211.0,,20231.0,8864.24,665.0,784481.41
WY,2019,Q4,12225.68,,3387.07,2987.87,,227.35,3435.96
AL,2020,Q1,14574.47,,1803.56,9326.44,0.0,,5225.9
AK,2020,Q1,41961.81,,7719.58,8510.14,0.0,112.76,16420.08
AZ,2020,Q1,111256.23,81743.06,19818.27,11889.21,0.0,401.89,39882.37
AR,2020,Q1,8710.6,,,4682.35,0.0,38.61,3207.99
CA,2020,Q1,4523044.0,3467291.92,381632.94,93191.0,251491.27,2365.0,1319146.83
CO,2020,Q1,5021441.81,4048530.35,305665.3,35618.03,4003.2,1486.91,1596195.64
CT,2020,Q1,47557.21,22395.87,8001.89,10565.6,0.0,307.17,20950.17
DE,2020,Q1,,,,3180.68,,,
DC,2020,Q1,6739.81,,,3053.71,0.0,,3185.9
FL,2020,Q1,,,249867.77,42810.93,,1473.92,531486.74
GA,2020,Q1,3206626.13,2743715.12,101039.26,19417.39,,558.1,827544.34
HI,2020,Q1,13934.87,,6677.6,2766.03,0.0,,4615.78
ID,2020,Q1,8899.42,5272.23,3108.33,3506.7,,,6804.69
IL,2020,Q1,399159.44,325098.53,38488.55,28068.15,,628.29,73718.3
IN,2020,Q1,42324.92,15740.46,11613.9,10956.96,0.0,174.11,19178.76
IA,2020,Q1,30296.71,,3775.04,13877.48,,115.56,9990.17
KS,2020,Q1,6804.15,,1546.44,3133.88,0.0,157.36,3252.22
KY,2020,Q1,47179.78,36922.46,5150.35,6113.86,0.0,,36121.65
LA,2020,Q1,51044.68,,,18551.9,,210.12,24329.93
ME,2020,Q1,51074.12,19062.02,19945.39,10835.57,0.0,85.46,22922.53
MD,2020,Q1,106411.14,92846.34,13905.97,6683.98,,552.15,30273.61
MA,2020,Q1,133635.28,66204.5,28231.02,20374.59,235.56,188.39,46507.34
MI,2020,Q1,340172.97,209440.74,63311.82,24965.71,,1338.91,145393.03
MN,2020,Q1,,,24879.16,24378.17,,309.65,74009.31
MS,2020,Q1,4295.7,,,,,,1438.16
MO,2020,Q1,,,,7964.61,,300.12,
MT,2020,Q1,36485.18,12569.1,7449.31,11017.5,,423.31,16712.47
NE,2020,Q1,13738.31,,1722.92,6898.7,0.0,182.91,5722.12
NV,2020,Q1,18501.11,4295.49,5042.32,5417.09,0.0,,3931.06
NH,2020,Q1,,,,13179.58,,412.95,
NJ,2020,Q1,,,,17375.3,,394.75,
NM,2020,Q1,32628.58,14509.13,7871.15,6471.47,0.0,84.12,14661.6
NY,2020,Q1,2504499.12,1994012.41,75432.3,28218.41,31020.62,905.66,783057.15
NC,2020,Q1,311252.01,239220.94,58178.25,35788.55,,789.7,140647.11
ND,2020,Q1,2358.81,0.0,0.0,2195.32,0.0,,1051.48
OH,2020,Q1,4345032.77,3803158.2,277361.31,26333.72,,1391.19,860528.32
OK,2020,Q1,6255.47,0.0,181.18,4878.88,0.0,110.88,3532.69
OR,2020,Q1,354179.7,217137.33,61584.43,22107.0,1148.68,729.21,123370.32
PA,2020,Q1,1707899.26,1479508.55,146197.21,21350.1,,2121.91,476814.29
RI,2020,Q1,18135.51,8673.26,3070.62,4260.79,0.0,93.4,4389.33
SC,2020,Q1,20278.73,3683.13,2612.16,9705.71,,471.84,17371.1
SD,2020,Q1,4161.44,,,2828.43,0.0,,2138.4
TN,2020,Q1,897943.48,782629.3,5543.52,16459.45,,715.44,206288.93
TX,2020,Q1,4393253.15,3724057.19,211919.43,43423.59,,1574.23,955232.38
UT,2020,Q1,49485.89,19148.49,9391.34,7903.04,0.0,,17537.55
VT,2020,Q1,84839.65,41647.53,15876.62,8301.87,,89.93,18562.71
VA,2020,Q1,3555099.73,2873743.74,230362.81,37871.48,183786.6,254.66,689456.41
WA,2020,Q1,143716.36,51042.78,41741.66,29507.71,,510.91,44600.34
WV,2020,Q1,2844.75,,852.76,1860.75,0.0,20.65,1910.57
WI,2020,Q1,2539877.0,1979666.4,,19186.0,6264.33,653.09,847255.93
WY,2020,Q1,13274.02,,4086.66,3185.17,,107.73,4062.41
AL,2020,Q2,17271.67,,674.56,12107.42,0.0,,6093.62
AK,2020,Q2,37735.91,,2975.5,9350.29,0.0,195.69,16169.18
AZ,2020,Q2,127979.63,,7351.06,7953.01,0.0,193.8,
AR,2020,Q2,7652.2,,,3290.36,0.0,19.46,2975.14
CA,2020,Q2,4800753.0,4272852.24,65277.72,98680.0,161876.93,1841.0,1368131.72
CO,2020,Q2,5393426.71,4836076.82,129538.99,31173.58,4370.83,1234.92,1596947.24
CT,2020,Q2,45757.79,29005.32,2201.4,10194.81,0.0,68.34,8727.5
DE,2020,Q2,,,,2716.4,,,
DC,2020,Q2,4937.4,0.0,0.0,5098.78,0.0,,2941.64
FL,2020,Q2,,,95252.78,27010.48,11364.16,1117.25,502667.79
GA,2020,Q2,3499493.48,3244261.88,39879.7,19419.06,,656.56,837078.37
HI,2020,Q2,5105.1,,272.82,871.04,,,7423.14
ID,2020,Q2,8738.91,8929.92,1695.53,3250.11,0.0,,7437.96
IL,2020,Q2,369470.98,348462.21,2197.93,28712.58,,615.51,71996.5
IN,2020,Q2,37173.73,16880.4,3959.19,11443.97,0.0,232.26,15957.64
IA,2020,Q2,31566.36,10704.01,1202.61,14101.95,,102.6,11065.84
KS,2020,Q2,6239.02,,1134.65,2993.78,0.0,67.98,3327.67
KY,2020,Q2,57552.69,,876.63,4200.68,0.0,,23395.63
LA,2020,Q2,42646.68,,,16774.09,,117.19,21646.97
ME,2020,Q2,44852.89,26266.49,2731.21,10357.63,,58.87,23788.14
MD,2020,Q2,117398.04,117829.94,3042.84,6330.77,,850.07,31545.4
MA,2020,Q2,121712.85,85785.31,5047.07,23764.66,,149.86,45315.45
MI,2020,Q2,386638.95,331121.56,13725.5,20324.01,,818.84,131562.67
MN,2020,Q2,867303.45,789026.67,3841.82,22960.41,,217.43,80186.66
MS,2020,Q2,3991.19,,,1938.57,0.0,,1610.51
MO,2020,Q2,,,,6844.53,,299.39,
MT,2020,Q2,39915.42,19353.94,5777.98,11962.18,0.0,503.22,14964.32
NE,2020,Q2,10675.95,,755.19,6239.71,0.0,129.33,4537.64
NV,2020,Q2,11348.08,5755.38,1311.7,2599.97,0.0,,2532.22
NH,2020,Q2,,,,12031.66,,229.55,
NJ,2020,Q2,,,,19333.82,0.0,880.96,
NM,2020,Q2,32435.46,21088.29,2281.92,4866.97,0.0,43.14,14468.96
NY,2020,Q2,2609954.63,2424880.64,21842.79,28581.68,,502.99,694629.89
NC,2020,Q2,355135.48,334623.24,12621.31,34200.24,,797.62,133558.05
ND,2020,Q2,2692.77,0.0,0.0,2438.83,0.0,,1092.86
OH,2020,Q2,4777364.11,4443945.25,97072.95,24384.48,,840.93,920145.84
OK,2020,Q2,8052.61,0.0,210.84,6140.93,0.0,120.66,3961.85
OR,2020,Q2,416467.95,350529.03,18293.13,24339.28,756.17,340.79,119494.0
PA,2020,Q2,1929141.84,1756128.36,35944.74,18559.66,,1219.3,502726.76
RI,2020,Q2,21947.7,15685.94,808.72,3612.4,0.0,,5984.66
SC,2020,Q2,19548.61,5492.88,1592.76,9420.55,,624.4,17876.89
SD,2020,Q2,3782.19,,,2590.58,0.0,,2183.56
TN,2020,Q2,998469.24,938688.13,2373.47,14676.01,,637.61,173212.15
TX,2020,Q2,4998973.55,4503494.08,84566.86,45751.47,,1261.46,1005719.4
UT,2020,Q2,33631.48,22435.09,1594.92,7968.27,,33.02,12949.85
VT,2020,Q2,87313.16,56000.07,2487.3,7246.36,,37.36,24732.92
VA,2020,Q2,3710798.76,3431851.06,61976.53,35918.37,,149.05,724384.71
WA,2020,Q2,134249.77,74438.13,13675.37,27102.54,,426.66,45300.34
WV,2020,Q2,2859.64,,365.17,2435.75,0.0,2.3,2130.71
WI,2020,Q2,3072370.0,2689792.59,,18984.0,10534.52,556.71,826859.0
WY,2020,Q2,9701.97,,,2253.79,,271.5,3166.32
AL,2020,Q3,19604.17,,1504.26,12730.08,0.0,,5867.61
AK,2020,Q3,49030.93,,7802.5,10128.74,0.0,218.54,17225.23
AZ,2020,Q3,176673.07,,13171.96,9559.34,0.0,361.31,
AR,2020,Q3,10782.26,,,5950.63,0.0,30.98,3184.48
CA,2020,Q3,4059252.0,3688156.64,149950.76,131728.0,,1708.52,1060394.46
CO,2020,Q3,5842697.78,5142975.3,277443.78,45433.17,6341.16,1782.47,1697372.17
CT,2020,Q3,62350.35,39187.13,5635.33,9531.64,,413.42,24059.26
DE,2020,Q3,,,,4279.28,0.0,,
DC,2020,Q3,7122.15,0.0,0.0,6633.84,0.0,,3151.25
FL,2020,Q3,,,165786.83,34643.49,,864.46,541204.08
GA,2020,Q3,3711590.13,3295595.87,68841.22,24185.96,,476.71,801437.28
HI,2020,Q3,8623.23,,1243.28,1102.16,,,7428.17
ID,2020,Q3,12053.65,10482.41,3021.83,4260.6,0.0,,7189.88
IL,2020,Q3,400668.09,357617.83,19309.79,30174.28,,683.71,68717.88
IN,2020,Q3,63178.82,31540.85,9924.51,14673.16,0.0,162.18,20732.94
IA,2020,Q3,38184.57,12220.55,3070.38,16777.05,,171.62,12438.77
KS,2020,Q3,7908.17,,1534.48,3399.01,0.0,139.44,5142.39
KY,2020,Q3,77367.75,,3698.27,8162.3,0.0,,32965.54
LA,2020,Q3,58354.71,,,18613.16,,133.87,28024.56
ME,2020,Q3,72685.8,33769.81,15963.44,17884.46,0.0,,27174.48
MD,2020,Q3,105062.28,100002.63,9967.62,9032.61,,1572.31,33500.57
MA,2020,Q3,156504.17,102412.66,19327.64,27903.02,,178.39,37626.45
MI,2020,Q3,420191.79,294555.91,44488.95,33099.4,,1378.93,140658.03
MN,2020,Q3,1087129.04,988858.73,20306.2,32350.08,,489.51,84050.91
MS,2020,Q3,5786.89,,,3172.13,0.0,,1456.34
MO,2020,Q3,,,,9508.05,,318.01,
MT,2020,Q3,50562.01,19632.67,8506.5,16585.72,0.0,681.99,13251.0
NE,2020,Q3,13907.86,,1329.39,7661.22,0.0,166.07,4628.16
NV,2020,Q3,16729.53,6468.52,3886.26,3314.67,0.0,,2450.07
NH,2020,Q3,,,,16823.84,,595.0,
NJ,2020,Q3,1003719.82,1155110.98,,25361.41,0.0,705.4,234274.94
NM,2020,Q3,32854.93,17177.34,5084.46,7097.69,0.0,211.74,15747.67
NY,2020,Q3,2685227.97,2516276.44,57164.27,38041.73,,923.9,639627.0
NC,2020,Q3,374341.55,303491.05,38736.43,44847.58,,810.75,139395.43
ND,2020,Q3,3161.49,0.0,0.0,2874.17,0.0,,1298.11
OH,2020,Q3,4954426.58,4480883.71,221634.4,34309.56,19562.23,1008.21,927418.04
OK,2020,Q3,9274.56,0.0,272.25,7407.27,0.0,217.02,4136.37
OR,2020,Q3,412979.36,293554.62,47113.89,33117.85,1397.51,375.67,121125.56
PA,2020,Q3,2270389.47,1951192.47,100570.74,22004.87,,1626.15,479641.67
RI,2020,Q3,26125.0,14094.72,1868.04,6761.5,0.0,,5312.44
SC,2020,Q3,28044.06,5515.13,2481.49,14586.91,,506.86,18611.81
SD,2020,Q3,5645.13,,,3672.92,0.0,,2056.12
TN,2020,Q3,1097754.04,904126.94,3997.6,19528.25,,803.56,228536.61
TX,2020,Q3,5355442.01,4692764.03,155855.62,51290.79,,1242.28,1074610.27
UT,2020,Q3,43391.86,20034.37,4927.43,10941.39,0.0,,14141.96
VT,2020,Q3,92315.07,63166.72,8910.32,8938.63,0.0,,20456.87
VA,2020,Q3,3770733.17,3541857.37,148253.01,44309.3,,282.78,700576.83
WA,2020,Q3,177946.83,79402.76,30722.03,41766.87,,489.61,49277.51
WV,2020,Q3,3606.14,,327.54,2300.23,0.0,,2096.2
WI,2020,Q3,3179266.08,2641822.74,,25856.0,6293.42,1075.69,877559.9
WY,2020,Q3,19321.17,,6092.69,4127.39,,369.97,5340.8
AL,2020,Q4,13005.07,4348.71,1741.8,8006.87,0.0,,4586.27
AK,2020,Q4,35670.97,,4488.4,8910.81,0.0,137.93,15804.69
AZ,2020,Q4,325202.53,107269.07,18503.06,10289.71,0.0,572.44,292456.54
AR,2020,Q4,8974.46,,,4973.02,0.0,29.77,3294.05
CA,2020,Q4,3247904.0,2731209.05,147703.18,111637.0,,1546.0,990516.93
CO,2020,Q4,4632562.0,4207494.9,179920.43,36032.0,9165.71,1299.55,1654997.55
CT,2020,Q4,45260.92,26763.9,3949.28,10504.83,,291.39,20439.38
DE,2020,Q4,,,,2436.8,0.0,,
DC,2020,Q4,8718.56,,,5861.98,0.0,,4917.71
FL,2020,Q4,,,219708.44,42078.78,,1466.36,548665.6
GA,2020,Q4,3372964.84,2900471.54,78403.28,23223.49,,540.45,777601.28
HI,2020,Q4,7870.8,,,2119.11,,,4488.71
ID,2020,Q4,10307.19,7652.62,2547.56,3358.11,,69.93,5934.26
IL,2020,Q4,286929.65,257467.63,13586.59,25503.99,,439.25,64316.3
IN,2020,Q4,45585.67,24827.05,7773.65,13204.65,0.0,174.85,24172.73
IA,2020,Q4,27901.16,,2956.8,10891.06,,161.51,10449.0
KS,2020,Q4,7076.17,,912.31,2816.19,0.0,135.18,4073.88
KY,2020,Q4,69634.72,,3520.1,6604.96,0.0,417.16,43183.63
LA,2020,Q4,55108.74,,,17777.93,,,27720.05
ME,2020,Q4,50737.8,27045.74,10540.52,12984.83,,24.71,22897.84
MD,2020,Q4,95336.96,94305.54,7738.49,8077.39,,1012.94,29856.13
MA,2020,Q4,104319.21,65025.35,11013.3,26327.48,,227.07,31300.46
MI,2020,Q4,307485.55,236934.92,29470.87,25714.05,,1011.71,128448.73
MN,2020,Q4,1094020.87,1017191.93,12054.14,22550.71,,268.66,77822.19
MS,2020,Q4,4262.11,,,2046.73,0.0,,1268.12
MO,2020,Q4,,,,8162.56,,337.64,
MT,2020,Q4,35698.25,14221.74,5864.72,11164.32,0.0,384.92,14489.04
NE,2020,Q4,11739.08,,1008.25,6753.77,0.0,139.1,4385.66
NV,2020,Q4,17796.13,6285.89,3852.52,4096.47,0.0,,3582.34
NH,2020,Q4,,,,13567.66,0.0,517.65,
NJ,2020,Q4,1177955.21,1266283.2,,21524.55,0.0,556.15,218933.7
NM,2020,Q4,28581.67,17173.45,3344.28,5541.89,0.0,88.85,14009.8
NY,2020,Q4,2296811.42,2000044.95,49856.54,30758.16,47652.34,3762.79,663587.77
NC,2020,Q4,360693.04,279861.72,39798.67,43664.45,,1154.64,
ND,2020,Q4,3218.31,0.0,0.0,3194.04,0.0,,1248.13
OH,2020,Q4,4483444.7,4175893.36,169087.62,27248.86,,763.65,859387.77
OK,2020,Q4,6254.87,0.0,247.07,5918.34,0.0,191.36,3600.11
OR,2020,Q4,405404.96,270332.47,30252.59,61428.44,,374.3,139988.69
PA,2020,Q4,2032908.08,1756708.1,88957.83,19954.22,,1388.1,424070.33
RI,2020,Q4,20516.45,12070.89,1236.6,4709.83,0.0,,7536.04
SC,2020,Q4,22369.85,3460.37,2251.27,12633.17,,556.06,16385.31
SD,2020,Q4,3351.77,,,2508.69,0.0,,2092.06
TN,2020,Q4,1075488.44,1000377.06,4567.45,16731.22,,844.78,218251.55
TX,2020,Q4,4908228.02,4422205.18,172979.78,51605.21,,1353.79,1056237.16
UT,2020,Q4,38809.44,17724.28,4599.65,10593.14,0.0,,14441.5
VT,2020,Q4,72940.83,48304.1,6339.02,9653.19,0.0,,18720.99
VA,2020,Q4,3387144.36,3089002.81,148759.8,41517.4,,178.27,670489.0
WA,2020,Q4,119758.0,60055.71,18826.49,25640.94,45.29,359.61,41341.79
WV,2020,Q4,2877.44,,281.64,1845.44,0.0,,2293.32
WI,2020,Q4,2624699.0,2399622.29,,22413.0,7487.97,726.59,780817.08
WY,2020,Q4,16633.42,,4371.99,2893.36,0.0,,6918.52
AL,2021,Q1,15473.4,,1342.11,9949.08,0.0,,5214.27
AK,2021,Q1,31700.88,,6250.67,7866.34,0.0,130.26,12558.4
AZ,2021,Q1,470030.54,301527.28,17617.49,10601.13,0.0,623.62,430696.7
AR,2021,Q1,8434.15,2401.87,607.47,5894.3,0.0,,3407.34
CA,2021,Q1,3447305.0,2721810.62,170281.4,124923.0,,1600.63,1100406.98
CO,2021,Q1,5252579.0,4396471.57,281846.25,46028.0,12759.29,1294.52,1787199.16
CT,2021,Q1,43901.39,24408.37,4482.12,8443.89,0.0,141.83,21051.05
DE,2021,Q1,,,,3199.55,0.0,,
DC,2021,Q1,7400.0,,,5257.0,0.0,0.0,4320.17
FL,2021,Q1,,,234658.27,48948.0,,1472.21,551284.14
GA,2021,Q1,3025999.03,2532578.4,79470.75,21936.32,,555.87,880030.63
HI,2021,Q1,16585.93,,,2783.93,,,8387.02
ID,2021,Q1,9194.9,7929.9,2863.43,3107.58,0.0,162.26,7151.03
IL,2021,Q1,346723.0,301870.37,21623.81,24640.0,,598.01,75859.36
IN,2021,Q1,50590.31,24548.45,10043.21,12926.25,0.0,126.06,25962.16
IA,2021,Q1,30310.82,,2291.69,14421.05,,87.58,12672.62
KS,2021,Q1,6521.66,,732.0,3244.47,0.0,127.18,2830.03
KY,2021,Q1,79953.0,,4532.9,6830.0,0.0,552.35,52808.2
LA,2021,Q1,47271.0,,,17477.0,,129.59,
ME,2021,Q1,51570.68,20817.0,12761.09,15710.84,0.0,89.94,22492.05
MD,2021,Q1,128954.0,111390.24,8224.88,9635.0,,573.6,36054.18
MA,2021,Q1,113767.27,60320.42,13235.9,20429.83,,242.52,43244.85
MI,2021,Q1,374156.88,250112.97,44928.85,22944.0,,1215.0,153775.49
MN,2021,Q1,,,16068.75,24821.0,,419.44,86082.61
MS,2021,Q1,4199.79,,,1969.59,0.0,,1289.09
MO,2021,Q1,,,,9503.59,,265.01,
MT,2021,Q1,42405.93,13184.15,7731.8,12124.78,0.0,635.55,16358.11
NE,2021,Q1,11025.77,,1499.09,6200.55,0.0,109.21,5217.66
NV,2021,Q1,18410.0,5864.31,5228.15,3842.0,,,2619.2
NH,2021,Q1,,,,12636.59,0.0,519.29,
NJ,2021,Q1,1084013.75,1183754.52,,18782.81,,255.74,
NM,2021,Q1,26861.18,14208.48,5056.86,5586.16,0.0,100.7,12678.36
NY,2021,Q1,2579820.21,2047109.97,67854.91,28596.46,,917.42,831894.47
NC,2021,Q1,355685.84,282010.39,39324.38,40157.67,,886.53,156300.63
ND,2021,Q1,3769.43,0.0,0.0,3437.31,0.0,26.73,1171.81
OH,2021,Q1,4512429.59,3954210.39,220771.83,30524.84,,1321.89,951634.73
OK,2021,Q1,13307.76,,,6265.0,0.0,196.44,6137.02
OR,2021,Q1,444910.71,316057.88,39013.61,29657.71,,205.86,154036.44
PA,2021,Q1,2077867.0,,100400.91,20311.0,,1495.95,447562.15
RI,2021,Q1,24549.93,12627.55,1232.52,4542.19,0.0,,10760.13
SC,2021,Q1,23534.0,3646.26,2026.13,14569.0,,497.87,15324.27
SD,2021,Q1,3563.25,,,2516.58,0.0,,2381.96
TN,2021,Q1,981556.0,901290.15,4900.93,17491.0,,881.75,190996.03
TX,2021,Q1,4243909.97,3715398.17,172211.23,47307.31,,1363.76,1095435.88
UT,2021,Q1,37059.95,15324.96,5798.44,9087.03,0.0,,15678.1
VT,2021,Q1,74570.68,46017.01,8434.55,5229.57,0.0,86.46,21651.19
VA,2021,Q1,3569818.0,2982342.97,171699.04,37425.0,,321.6,788334.35
WA,2021,Q1,135495.88,56390.36,28857.67,25688.92,,552.21,44450.57
WV,2021,Q1,2538.79,,278.04,1928.75,0.0,,2366.07
WI,2021,Q1,2849808.0,2282263.57,,20432.0,7995.79,1163.53,947718.05
WY,2021,Q1,12662.86,,4108.31,2979.85,0.0,,6323.73
AL,2021,Q2,18845.45,,2342.13,12610.17,0.0,,5016.59
AK,2021,Q2,52390.54,,12139.71,12649.5,0.0,184.54,14948.77
AZ,2021,Q2,659112.22,542231.53,23674.7,13871.17,0.0,772.23,526024.42
AR,2021,Q2,14148.76,5643.97,1094.78,8799.8,0.0,4.67,5028.03
CA,2021,Q2,3793582.0,2949407.35,300848.25,142546.0,,2206.17,1187061.95
CO,2021,Q2,5860766.0,4845400.56,401938.23,52368.0,3219.75,1407.37,1871924.37
CT,2021,Q2,58723.15,31879.09,8575.43,8557.34,,320.13,24263.5
DE,2021,Q2,,,,4597.32,,,
DC,2021,Q2,11363.77,,,7816.43,0.0,,4450.68
FL,2021,Q2,,,251956.01,53385.0,,2119.79,536658.43
GA,2021,Q2,3970959.83,3401917.99,93592.38,25357.25,,455.44,964363.41
HI,2021,Q2,23315.2,,,3461.66,,,7370.74
ID,2021,Q2,13759.63,8769.33,3833.76,4529.87,0.0,321.96,7413.93
IL,2021,Q2,415580.0,342416.96,34869.52,34152.0,,843.04,94405.25
IN,2021,Q2,50118.85,23456.45,8987.73,15133.55,0.0,199.4,29733.67
IA,2021,Q2,43784.93,,5737.04,19555.25,,107.77,14518.32
KS,2021,Q2,8375.79,,988.04,4377.78,0.0,272.78,2903.38
KY,2021,Q2,99747.0,,6323.69,7452.0,0.0,644.22,67833.7
LA,2021,Q2,65750.0,,,23174.0,,185.11,
ME,2021,Q2,69942.49,28300.83,23444.13,15217.16,,238.72,25562.11
MD,2021,Q2,137190.0,117690.31,13281.62,12930.0,,1032.6,35941.75
MA,2021,Q2,148208.51,79594.88,28605.78,28428.67,,337.67,44747.88
MI,2021,Q2,408200.26,267169.8,73967.72,36678.63,,1795.49,150831.53
MN,2021,Q2,911151.0,,28293.56,33844.0,,754.67,88208.1
MS,2021,Q2,5448.35,,,2939.19,0.0,,1595.09
MO,2021,Q2,,,,13287.9,,856.56,
MT,2021,Q2,52937.74,18468.94,9884.9,16176.19,0.0,728.55,17179.4
NE,2021,Q2,14056.01,,1900.69,8617.28,,133.67,5616.75
NV,2021,Q2,20441.0,4497.06,6395.43,5291.0,,,2968.69
NH,2021,Q2,,,35671.33,15463.28,,256.1,
NJ,2021,Q2,1140181.33,1145558.95,,23351.97,,595.08,
NM,2021,Q2,35615.22,16258.19,7401.93,7857.46,,244.97,14229.44
NY,2021,Q2,2755567.93,2451997.31,114367.36,41620.35,,1380.55,805913.51
NC,2021,Q2,436252.19,318601.12,64212.89,53751.52,,1021.01,145147.97
ND,2021,Q2,4629.53,0.0,0.0,3798.37,0.0,,1306.15
OH,2021,Q2,5090885.37,4513089.86,265361.07,39152.19,,1639.13,1053047.88
OK,2021,Q2,26573.0,,,7427.0,0.0,221.24,16823.54
OR,2021,Q2,508606.14,347715.94,60799.29,40423.02,1703.51,416.64,108349.71
PA,2021,Q2,2240840.0,1785784.84,150341.34,28360.0,,2514.28,516477.11
RI,2021,Q2,28670.07,12942.05,2893.74,7725.15,0.0,,14393.2
SC,2021,Q2,32966.0,5193.89,3888.99,18544.0,,459.86,21786.25
SD,2021,Q2,4822.06,,,3337.97,0.0,76.52,2462.52
TN,2021,Q2,1059899.0,669651.22,7512.46,25375.0,,947.61,422575.65
TX,2021,Q2,5345388.76,4627907.26,246421.57,69392.22,,2121.05,1070475.93
UT,2021,Q2,51982.41,18421.05,8822.35,13048.74,0.0,,18907.5
VT,2021,Q2,88281.59,50753.8,13175.7,6908.51,0.0,66.11,56344.6
VA,2021,Q2,3776233.0,3422504.1,243925.39,46174.0,,121.42,768064.51
WA,2021,Q2,178675.73,72333.21,38991.08,41730.94,97.13,836.69,50495.0
WV,2021,Q2,3455.9,,407.95,2366.81,0.0,32.61,2394.69
WI,2021,Q2,3373517.0,2840470.5,,48118.0,9813.42,1245.93,984801.95
WY,2021,Q2,18033.6,,7370.19,4582.74,,,6216.41
AL,2021,Q3,17888.34,,2026.11,12302.93,0.0,,5569.28
AK,2021,Q3,48763.73,,11606.47,14060.48,0.0,266.24,13795.92
AZ,2021,Q3,351594.26,643920.02,19711.64,12338.54,0.0,642.97,192301.19
AR,2021,Q3,13800.34,,,8851.71,0.0,,3844.36
CA,2021,Q3,3821003.0,,296455.88,147380.0,,1368.82,1206935.29
CO,2021,Q3,5482772.0,4750540.46,382640.19,57607.0,4883.01,1788.58,1718071.65
CT,2021,Q3,53685.78,30997.86,9627.17,10924.69,0.0,318.11,21735.63
DE,2021,Q3,,,,5864.59,,,
DC,2021,Q3,10139.92,,,7134.47,0.0,0.0,4256.34
FL,2021,Q3,,,225816.64,47783.98,,1896.64,522779.1
GA,2021,Q3,3629490.2,3204965.95,72986.57,21007.58,,306.71,943421.98
HI,2021,Q3,25929.94,,,3816.55,,,9004.17
ID,2021,Q3,15316.13,9614.47,4765.11,4785.0,,250.46,6757.91
IL,2021,Q3,338622.0,295474.84,29421.06,31268.0,,741.29,81435.15
IN,2021,Q3,56644.02,27173.62,12495.31,15147.38,0.0,267.82,28007.94
IA,2021,Q3,38728.98,,4844.96,21026.8,,171.81,13059.29
KS,2021,Q3,8239.47,,1164.72,3947.56,0.0,263.62,2791.05
KY,2021,Q3,92631.03,,6375.87,8381.45,0.0,,55969.77
LA,2021,Q3,60911.22,,,20470.24,,106.67,28236.59
ME,2021,Q3,79782.11,29486.49,25131.0,21867.49,0.0,241.13,25460.62
MD,2021,Q3,113824.0,93128.52,14070.76,12151.0,,1655.76,35188.29
MA,2021,Q3,144349.09,77302.58,31450.19,28492.32,,396.18,42084.02
MI,2021,Q3,372638.46,235277.35,67728.61,39816.07,,1718.47,173797.9
MN,2021,Q3,306616.0,220278.01,34712.83,36788.0,,688.71,78565.23
MS,2021,Q3,4875.39,,,2381.94,0.0,,4735.82
MO,2021,Q3,,,,12714.23,,531.5,
MT,2021,Q3,50977.04,18862.65,10846.9,16812.91,0.0,924.8,15497.94
NE,2021,Q3,13989.99,,1910.41,7951.41,,189.82,5703.79
NV,2021,Q3,18549.33,6199.15,4079.61,4659.47,,,1779.91
NH,2021,Q3,,,41386.15,16152.17,,334.78,
NJ,2021,Q3,954201.32,989671.27,,25990.83,,347.84,
NM,2021,Q3,33989.76,16011.82,8316.1,6332.57,,554.04,14656.72
NY,2021,Q3,2616763.18,2307510.65,139652.66,41778.51,,1211.08,728231.25
NC,2021,Q3,472742.66,297443.93,60002.99,54234.37,,758.93,217529.98
ND,2021,Q3,3513.77,0.0,0.0,3333.88,0.0,,1334.79
OH,2021,Q3,4761056.12,4296633.83,275140.99,36836.36,,1493.27,1020341.48
OK,2021,Q3,33240.0,,,7610.0,0.0,199.03,
OR,2021,Q3,441319.35,297603.17,62540.57,41686.23,872.22,390.01,102358.4
PA,2021,Q3,1732524.15,1386722.41,183697.37,28797.0,,1729.44,460466.04
RI,2021,Q3,26538.71,14802.5,2895.32,10142.55,0.0,,9204.57
SC,2021,Q3,29313.17,3860.72,2782.4,17090.0,,366.88,22135.66
SD,2021,Q3,6390.16,,,4556.27,0.0,,2524.43
TN,2021,Q3,677762.52,668546.75,6767.62,23389.63,,1006.62,325267.59
TX,2021,Q3,5117878.0,4362076.63,207813.66,61426.0,,2053.01,1097196.45
UT,2021,Q3,40282.35,16294.7,9500.53,9394.6,0.0,,15271.48
VT,2021,Q3,96836.2,55387.89,18028.91,7406.71,0.0,39.41,40168.77
VA,2021,Q3,3742844.27,3278302.09,226256.8,50241.95,,332.23,735811.91
WA,2021,Q3,190195.37,71620.78,44424.2,47166.28,97.3,845.06,51853.2
WV,2021,Q3,3366.2,,456.2,2508.42,0.0,27.14,2299.08
WI,2021,Q3,2868222.0,2387817.64,,75926.0,16643.48,1275.97,892935.3
WY,2021,Q3,18278.51,,6056.55,4844.21,,,5606.81
AL,2021,Q4,15157.27,,1619.76,10511.6,0.0,,5473.95
AK,2021,Q4,29156.71,,7532.3,8098.4,0.0,112.18,9209.29
AZ,2021,Q4,417452.48,441772.7,22590.68,13869.6,0.0,757.06,165716.64
AR,2021,Q4,9393.53,,,6961.29,0.0,,3966.02
CA,2021,Q4,3239193.0,2668943.6,289636.6,117560.0,,5238.67,1098112.55
CO,2021,Q4,4991461.0,4448101.69,344761.05,45539.0,3276.45,2537.28,1470633.74
CT,2021,Q4,49684.4,26670.77,6646.53,12549.76,0.0,307.7,19504.23
DE,2021,Q4,,,,4914.11,0.0,,
DC,2021,Q4,10744.0,,,6874.0,0.0,,4087.54
FL,2021,Q4,,,234913.31,50226.0,,1887.38,517618.25
GA,2021,Q4,3660291.7,3183668.94,89581.76,21955.23,,291.73,890971.72
HI,2021,Q4,20583.56,,,2831.42,,,8619.27
ID,2021,Q4,8602.05,6475.16,3004.31,3717.0,,260.21,7227.72
IL,2021,Q4,336090.0,297902.81,26905.42,27236.0,,728.85,73661.62
IN,2021,Q4,39854.95,17620.41,9776.39,13038.75,0.0,80.45,18301.77
IA,2021,Q4,34534.94,,3259.56,17641.97,,161.29,12847.96
KS,2021,Q4,6798.0,,1073.32,2846.77,0.0,289.82,2618.69
KY,2021,Q4,51050.0,48596.87,5274.11,8091.0,0.0,,53927.43
LA,2021,Q4,54039.0,,,19946.0,,143.06,
ME,2021,Q4,60108.52,22984.47,21013.62,16789.31,,119.41,21257.01
MD,2021,Q4,108365.0,91581.2,10322.05,10334.0,,835.44,28602.94
MA,2021,Q4,111282.32,57582.79,25616.18,23463.43,166.52,442.81,40768.42
MI,2021,Q4,293097.6,195091.5,52062.56,29146.55,,1263.35,133304.4
MN,2021,Q4,484624.34,,20548.11,25683.74,,411.18,70339.34
MS,2021,Q4,4105.81,,,2195.55,0.0,,4870.34
MO,2021,Q4,,,,12225.31,,805.37,
MT,2021,Q4,33246.17,12034.44,6899.93,9751.44,0.0,586.12,14960.82
NE,2021,Q4,12822.25,,1585.08,8060.59,0.0,188.57,5210.92
NV,2021,Q4,16661.0,,,6262.0,,,4745.9
NH,2021,Q4,,,,13106.45,,230.65,
NJ,2021,Q4,830940.43,826565.82,,23013.5,,419.75,
NM,2021,Q4,30803.44,12478.17,7304.42,5854.46,0.0,235.67,14957.68
NY,2021,Q4,2259462.25,1971741.21,129102.86,34833.73,,4816.39,613405.69
NC,2021,Q4,430182.39,375417.59,56157.64,48083.26,,391.48,179473.52
ND,2021,Q4,3844.43,0.0,0.0,3663.63,0.0,34.24,1167.78
OH,2021,Q4,4669257.81,4248631.91,268157.99,29488.02,,1588.84,898468.9
OK,2021,Q4,16735.0,,,10749.0,0.0,,18938.75
OR,2021,Q4,387255.0,240041.46,50284.89,31372.0,1349.57,183.0,86708.73
PA,2021,Q4,1298794.0,1015078.35,139387.36,26750.0,,2509.28,422539.6
RI,2021,Q4,17333.93,8250.29,2304.87,7017.55,,178.68,6295.13
SC,2021,Q4,35869.0,3014.12,2142.44,14260.0,,110.63,26775.31
SD,2021,Q4,3250.89,,,2097.9,0.0,,2516.63
TN,2021,Q4,464165.0,397356.42,5638.85,19606.0,0.0,1092.81,283707.14
TX,2021,Q4,4809677.0,4210585.27,220535.87,57807.0,,2155.78,960326.59
UT,2021,Q4,37383.24,12657.94,7260.84,10546.14,0.0,,15157.55
VT,2021,Q4,80407.34,51408.62,14615.47,6579.7,0.0,,22979.55
VA,2021,Q4,3506354.0,3027236.52,215719.64,41331.0,,438.86,700831.11
WA,2021,Q4,144776.51,62773.45,35996.34,30312.11,,884.97,43860.33
WV,2021,Q4,2871.31,,248.53,2435.6,0.0,,1323.57
WI,2021,Q4,2608781.0,2212143.04,,33539.0,18993.7,816.74,867580.68
WY,2021,Q4,13102.43,,5387.81,1550.4,,,4811.59
AL,2022,Q1,15418.42,,2001.37,9078.36,0.0,,5136.7
AK,2022,Q1,38487.0,,7896.15,8617.64,0.0,100.47,12335.18
AZ,2022,Q1,400959.68,,18407.66,18128.34,0.0,1016.06,
AR,2022,Q1,11476.1,,,7206.37,0.0,,4260.29
CA,2022,Q1,3320668.4400000023,2645335.790000001,279474.79,142471.1399999999,72198.72,7044.47,1048648.14
CO,2022,Q1,4543899.74,3794050.69,337309.39,47692.697,3488.79,1359.01,1495900.21
CT,2022,Q1,50531.37,25302.11,6183.51,10579.25,0.0,110.1,22982.24
DE,2022,Q1,,,,4517.59,,288.56,
DC,2022,Q1,10152.15,,,6428.21,0.0,,6100.34
FL,2022,Q1,,,276405.13,68439.32000000002,,2367.31,527409.009
GA,2022,Q1,3125289.52,2705683.65,81289.19,25333.48,,662.61,842192.55
HI,2022,Q1,22532.91,,7418.18,3307.85,,,7873.86
ID,2022,Q1,9891.81,6922.66,3780.283,3906.06,0.0,247.38,7056.16
IL,2022,Q1,376791.605,312391.04,27280.72,34457.31,,602.0,105520.072
IN,2022,Q1,46350.7,34570.25,10468.93,11753.16,0.0,48.0,31313.75
IA,2022,Q1,34022.13,,3150.68,15344.93,,194.81,14940.54
KS,2022,Q1,7063.05,,906.08,3003.72,0.0,340.44,3093.61
KY,2022,Q1,58916.37,52514.18,5905.62,8082.735,0.0,69.43,60054.97
LA,2022,Q1,50415.31,,,22755.92,,121.27,24886.88
ME,2022,Q1,62224.43,21702.64,19699.04,15042.93,,210.89,23050.07
MD,2022,Q1,154254.51,133686.56,11378.88,10034.35,,616.18,28950.2
MA,2022,Q1,123537.012,64506.330000000016,23059.300000000003,18526.006,,330.95,48863.013
MI,2022,Q1,349899.9,209690.91,59785.54,27471.71,1368.22,1410.0499999999995,150883.63
MN,2022,Q1,,,22564.55,26837.87,,418.43,83963.89
MS,2022,Q1,4028.19,,,2263.77,0.0,,4570.0
MO,2022,Q1,,,,11792.536,,485.66,
MT,2022,Q1,39192.81,12060.36,7349.07,10486.17,0.0,935.27,17075.09
NE,2022,Q1,10321.018999999998,,1000.49,6488.06,0.0,145.96,4072.44
NV,2022,Q1,19265.41,,4230.33,8092.11,,,4061.79
NH,2022,Q1,,,,13739.66,0.0,241.47,
NJ,2022,Q1,897639.371,894834.553,,24580.225,,217.81,277946.919
NM,2022,Q1,32652.73,11017.28,7293.29,7333.32,0.0,258.36,17355.67
NY,2022,Q1,2354542.12,1941087.32,88256.24,30664.99,4622.59,1346.8799999999997,690461.91
NC,2022,Q1,422903.72,343239.17,56730.11,40418.43,,219.80999999999997,158961.97
ND,2022,Q1,3552.26,0.001,0.001,3182.03,0.0,36.38,1886.92
OH,2022,Q1,4325766.392,3704408.14,249367.35700000005,31505.75,,1264.5400000000002,936729.58
OK,2022,Q1,16709.99,,,10820.64,0.0,519.5699999999999,10615.27
OR,2022,Q1,347543.82,203608.43,52507.01,32816.07,1138.84,294.72,101889.726
PA,2022,Q1,1576199.7,1234262.28,135312.19,21502.09,,1572.5800000000002,477189.17
RI,2022,Q1,18464.61,8545.15,1731.88,5589.01,0.0,326.41,7543.44
SC,2022,Q1,,14794.52,2406.51,15448.12,,91.04,
SD,2022,Q1,4644.64,,,3316.79,0.0,10.13,3766.51
TN,2022,Q1,833380.23,607228.75,6211.63,22628.95,0.0,193.99,304595.34
TX,2022,Q1,4583248.19,3825635.24,220378.72,54173.13999999999,,2297.99,1006128.422
UT,2022,Q1,44052.92,14085.16,8617.31,12762.56,0.0,,15403.13
VT,2022,Q1,85941.38,48580.4,15775.9,7337.41,0.0,79.27,55287.13
VA,2022,Q1,3004209.4999999995,2644432.650000001,218142.21,40494.28999999999,,474.73,713090.37
WA,2022,Q1,143975.2300000001,54728.48999999999,35861.639999999985,34043.58999999998,159.16,733.5699999999999,51961.45
WV,2022,Q1,2705.04,,317.95,2204.59,0.0,39.35,1924.38
WI,2022,Q1,2645761.38,2142586.66,,37823.26,22280.59,1261.29,899311.29
WY,2022,Q1,13579.62,3650.17,3967.05,4161.52,,,4086.27
AL,2022,Q2,17872.489999999998,4689.910000000001,3270.0700000000006,10431.27,0.0,,6854.1
AK,2022,Q2,57540.17,,14466.819999999998,12657.38,,209.66,15638.25
AZ,2022,Q2,756639.73,598742.75,17782.05,21186.13,0.0,588.54,305309.66
AR,2022,Q2,14048.36,,,8381.31,0.0,,4467.67
CA,2022,Q2,3783565.6200000006,2908725.37,363133.12,159132.28,,1902.49,1061345.07
CO,2022,Q2,5631113.036000001,4635795.44,397784.0800000001,48976.48,2393.49,1819.51,1605937.131
CT,2022,Q2,61952.07,27449.57,9022.17,13338.59,0.0,183.04,30468.91
DE,2022,Q2,,,,6009.540000000001,,623.29,
DC,2022,Q2,11459.11,,,7759.740000000001,0.0,0.0,3790.8
FL,2022,Q2,,,271944.05999999994,58299.36399999999,,2312.11,501163.271
GA,2022,Q2,3642702.380000001,3271578.6400000006,80269.89,23572.48,,1033.03,836058.94
HI,2022,Q2,26389.86,,8351.5,3986.000000000001,0.0,,5889.62
ID,2022,Q2,12087.38,9269.14,4678.87,3971.2400000000007,0.0,290.07,7358.07
IL,2022,Q2,394652.6599999999,317366.13,32601.490000000005,42666.78999999999,,2253.58,129298.17
IN,2022,Q2,56663.850000000006,38001.73999999999,16689.449999999997,14245.460000000005,0.0,157.51,33687.92
IA,2022,Q2,38110.380000000005,,4781.4400000000005,19023.22,,204.05,16160.46
KS,2022,Q2,8099.460000000001,,1205.38,4057.14,0.0,307.22,3274.03
KY,2022,Q2,85850.8,,7105.82,10200.889999999998,0.0,64.09,58325.07
LA,2022,Q2,54906.31000000002,,,26638.320000000003,,200.55,26063.11
ME,2022,Q2,81973.08,30718.090000000007,26518.320000000003,19258.370000000003,60.29,235.03,25387.58
MD,2022,Q2,140965.25,119966.63000000002,13841.77,14012.659999999996,,861.62,32925.03
MA,2022,Q2,169932.703,95296.72,37034.100000000006,24093.447999999997,,429.98,52350.926
MI,2022,Q2,349997.2299999998,221898.16,70004.5,35180.67999999999,866.77,1743.1600000000003,140399.38
MN,2022,Q2,637513.65,,32383.97,32073.57999999999,,475.49000000000007,88079.41
MS,2022,Q2,4994.65,,,3026.9299999999994,0.0,,5478.4
MO,2022,Q2,,,,16500.41,,655.18,
MT,2022,Q2,41853.54000000001,15036.54,8738.439999999999,11784.399999999998,0.0,722.38,18022.52
NE,2022,Q2,11818.529,,1200.85,7704.989999999999,0.0,119.8,4368.33
NV,2022,Q2,21514.54,,5230.55,9766.350000000002,,,3876.99
NH,2022,Q2,,,,16486.62,,216.52,
NJ,2022,Q2,1220843.9889999991,1052543.611,,34543.20900000001,,135.15800000000002,338298.335
NM,2022,Q2,27602.950000000004,10595.87,7243.65,8483.31,0.0,,14459.06
NY,2022,Q2,2701570.02,2366104.6499999994,109823.69999999995,44008.60000000001,,1840.2,694117.21
NC,2022,Q2,491310.37,337440.5300000001,66647.21,51108.23999999998,,538.7399999999999,188013.62
ND,2022,Q2,4282.77,0.0,0.0,3962.04,0.0,,2425.7
OH,2022,Q2,4762017.025000004,4196577.430000002,287634.655,38199.17000000002,,1223.419,962339.294
OK,2022,Q2,17931.28,,327.84,13581.57,0.0,418.0,8331.35
OR,2022,Q2,440434.2799999999,247328.32,80615.31000000003,38865.08,,406.44,107961.236
PA,2022,Q2,1942191.37,1572369.7300000002,165553.44999999998,31351.56000000002,,2133.84,484098.63
RI,2022,Q2,25437.03,11420.23,3867.49,8562.400000000001,0.0,174.65,9718.1
SC,2022,Q2,,,2388.55,17345.58,0.0,52.37,
SD,2022,Q2,4545.4800000000005,,,3397.3399999999992,0.0,,2897.8
TN,2022,Q2,851416.581,655475.1099999999,7052.2300000000005,28105.35999999999,0.0,605.6500000000001,303749.87
TX,2022,Q2,5242982.280000001,4460242.76,256111.77000000005,61513.14000000001,,2111.925,1059666.81
UT,2022,Q2,48263.75999999999,16354.139999999998,9615.43,12881.8,0.0,,16712.25
VT,2022,Q2,88595.19,50605.16,18092.81,10984.93,0.0,36.59,27493.82
VA,2022,Q2,4123998.27,3363905.66,242805.53,50447.82000000003,155652.99,751.18,715269.26
WA,2022,Q2,178701.32599999994,70835.70999999999,46673.05000000001,39668.036000000015,,750.75,52822.27
WV,2022,Q2,2403.007,,293.43,2206.06,0.0,,1393.86
WI,2022,Q2,3248053.7600000007,2614327.6100000003,,55054.630000000005,17445.679999999997,1317.23,991233.38
WY,2022,Q2,14499.229999999998,3975.1,3625.27,4492.33,0.0,276.97,6234.74
AL,2022,Q3,18584.160000000003,5109.8,2505.49,10459.510000000002,0.0,,8389.82
AK,2022,Q3,34806.85000000001,,9931.29,9919.61,,83.74,12316.7
AZ,2022,Q3,785232.0100000001,665289.1799999999,14867.03,17971.050000000003,0.0,449.85,295757.6
AR,2022,Q3,13674.99,,,8791.250000000002,0.0,,4560.62
CA,2022,Q3,3846625.079999998,,318453.76000000007,154383.56,,2235.19,999942.27
CO,2022,Q3,5828755.367000001,4806064.662000001,354982.56999999995,53914.01999999999,2582.21,2556.9120000000003,1651592.801
CT,2022,Q3,52392.72,29206.960000000003,7982.009999999999,12939.53,,201.49,25565.32
DE,2022,Q3,,,,6259.42,,642.34,
DC,2022,Q3,10027.3,,,6526.58,0.0,0.0,2136.95
FL,2022,Q3,,,208982.3,48776.20599999999,,1675.9599999999998,565606.176
GA,2022,Q3,3502470.149999999,3041924.8,76957.76999999999,45956.20999999999,,675.02,863460.15
HI,2022,Q3,24562.640000000003,,7885.7,3910.3200000000006,,,7283.25
ID,2022,Q3,11841.85,6754.989999999999,4173.21,4485.43,0.0,254.34,6898.33
IL,2022,Q3,403368.0000000001,311943.26,25659.36,42057.43999999999,,633.2,97686.39
IN,2022,Q3,59964.080000000016,51187.2,14939.4,12705.489999999996,0.0,59.3,24977.0
IA,2022,Q3,38701.75999999998,11127.88,6154.109999999999,17323.5,,126.74,16652.02
KS,2022,Q3,7234.17,,1156.85,3790.48,0.0,205.32,3208.26
KY,2022,Q3,80292.43000000002,,6265.889999999999,8670.17,0.0,,54544.14
LA,2022,Q3,41170.380000000005,,,19786.62,,144.96,26491.78
ME,2022,Q3,75446.47999999998,30940.29,22501.65,21343.18,,184.57,23732.14
MD,2022,Q3,119054.37999999998,96009.88,11915.33,14928.029999999995,,783.01,36585.94
MA,2022,Q3,150279.34399999998,89113.13000000002,28240.91,22831.141,,346.99,48185.998
MI,2022,Q3,307471.8099999999,205909.83,52530.00000000001,45278.27,,1752.81,120809.92
MN,2022,Q3,289110.31000000006,217402.55,30542.42,31702.480000000003,,491.64,76269.07
MS,2022,Q3,4268.57,,,2697.92,0.0,,5322.63
MO,2022,Q3,,,,13180.580000000004,,617.0400000000001,
MT,2022,Q3,40015.26,15044.14,8217.529999999999,13500.500000000004,0.0,759.41,14920.74
NE,2022,Q3,11408.920000000002,1970.63,1048.7,7253.5700000000015,0.0,,4304.74
NV,2022,Q3,19822.35,,4321.15,9145.080000000002,,,3886.14
NH,2022,Q3,,,,17215.149999999998,,394.28,
NJ,2022,Q3,1157551.059,1276950.211,,32444.381999999987,,288.80500000000006,
NM,2022,Q3,27156.73,12573.46,6475.610000000001,6037.290000000001,0.0,361.69,14936.43
NY,2022,Q3,2531158.899999999,2139618.38,97576.74999999996,89583.06999999996,,2333.83,672009.16
NC,2022,Q3,426086.12000000005,298958.55000000005,54519.66,50399.63999999999,,554.47,162245.69
ND,2022,Q3,4425.6,0.0,0.0,4006.59,0.0,,1711.22
OH,2022,Q3,4717208.982000004,4146085.62,288941.3760000001,38921.256,,1160.68,975240.17
OK,2022,Q3,18936.42,,1097.09,11624.72,0.0,529.4700000000001,9893.67
OR,2022,Q3,432864.7300000003,263021.45,58328.92,43316.999,942.13,241.51,90815.198
PA,2022,Q3,1923518.41,1564279.2700000007,189300.666,28788.43000000001,,1944.53,530548.9
RI,2022,Q3,23822.07,11405.47,3477.0,9421.4,0.0,,8405.55000000001
SC,2022,Q3,,,1852.94,15514.009999999997,,66.64,
SD,2022,Q3,4304.66,,,3727.18,0.0,,2267.65
TN,2022,Q3,507579.66,408786.19000000006,6312.259999999999,25420.480000000007,0.0,858.38,231022.01
TX,2022,Q3,5003324.019999999,4429137.829999999,215243.46,52328.14000000003,,2247.355,990920.495
UT,2022,Q3,42571.47,15004.579999999998,8658.38,11954.71,0.0,,16797.09
VT,2022,Q3,84207.27,52034.130000000005,14733.64,9433.56,0.0,48.470000000000006,17747.01
VA,2022,Q3,3918899.94,3257912.91,204474.8,49370.11999999998,,641.36,730197.45
WA,2022,Q3,173138.67600000004,64410.78000000001,43887.52,44279.85600000002,,715.53,47917.55
WV,2022,Q3,2836.85,,322.44,2385.9700000000003,0.0,,1486.54
WI,2022,Q3,2709053.2399999998,2397062.6100000003,,55173.87,4605.2300000000005,2840.38,802202.21
WY,2022,Q3,17749.224000000002,6051.2,5161.34,4613.099999999999,,367.504,6818.66
AL,2022,Q4,11228.97,1991.12,1368.6,8264.51,0.0,,7021.4
AK,2022,Q4,32322.09999999999,,7575.6,9564.749999999996,0.0,152.36,16166.61
AZ,2022,Q4,,,12938.28,13164.12,0.0,620.94,280657.88
AR,2022,Q4,12355.19,,,7981.95,0.0,,5552.24
CA,2022,Q4,3188829.3600000003,2421410.0700000003,287465.96,119171.94000000005,85814.44,2507.4,1050341.63
CO,2022,Q4,4653417.958000001,3859903.093,348084.4229999999,39697.74000000002,,2373.836,1494241.548
CT,2022,Q4,38838.43,22321.83,5083.19,12491.415,,131.53,20583.785
DE,2022,Q4,,,,4325.39,,407.56,
DC,2022,Q4,9666.09,,,5945.585999999999,0.0,0.0,
FL,2022,Q4,,,243686.35000000003,45426.129000000015,,1310.89,492518.762
GA,2022,Q4,3473697.2900000005,3066867.900000001,89894.54000000001,39555.20999999999,,838.07,791368.17
HI,2022,Q4,20158.6,,8946.21,3545.26,0.0,,5521.0
ID,2022,Q4,8863.580000000002,5983.139999999999,3575.93,3547.49,0.0,173.20999999999998,6642.15
IL,2022,Q4,288761.04000000004,250193.16999999995,26229.53,28990.060000000005,,569.96,72237.82
IN,2022,Q4,51352.44,43089.77,13466.73,10431.53,0.0,46.2,22096.47
IA,2022,Q4,31693.04,11241.09,7037.789999999999,9216.38,,112.79,16501.86
KS,2022,Q4,6514.59,,966.4299999999998,3330.299999999999,0.0,210.43,2731.29
KY,2022,Q4,55983.14,,5255.070000000001,5511.890000000001,0.0,,47528.73
LA,2022,Q4,44097.69,,,23478.42,,193.446,25229.5
ME,2022,Q4,61556.19000000001,21328.2,21086.52,18022.590000000007,0.0,155.79,19877.24
MD,2022,Q4,91736.65,75869.51,10318.99,14391.179999999998,,649.29,31048.263
MA,2022,Q4,89843.62999999998,46167.36,24914.41,20386.4,,387.36000000000007,34308.28
MI,2022,Q4,279645.22999999986,169112.29000000007,47423.630000000005,41752.09,609.2800000000001,1347.91,127398.97
MN,2022,Q4,316163.31,264397.94,20868.73,24171.26,,314.41,64040.77
MS,2022,Q4,3749.89,,,2056.55,0.0,,
MO,2022,Q4,,,,12457.97,,,
MT,2022,Q4,35209.9,15569.51,8620.18,8515.44,0.0,480.86,14942.15
NE,2022,Q4,9257.63,,954.013,6720.76,,31.54,3772.041
NV,2022,Q4,13142.74,,,6252.67,,0.0,3067.17
NH,2022,Q4,,,,13838.29,0.0,356.15,
NJ,2022,Q4,745061.23,759980.23,,22668.26,,317.54,207792.945
NM,2022,Q4,24904.29,12082.32,5885.52,5832.7,0.0,135.65,14804.58
NY,2022,Q4,1730718.8600000003,1528704.1500000008,81989.30000000002,35375.919999999984,5650.38,2036.56,593173.98
NC,2022,Q4,397649.0700000001,291423.9,57542.08,42278.48000000001,,1270.51,132576.06
ND,2022,Q4,3646.9,0.0,0.0,3325.08,0.0,47.65,1525.55
OH,2022,Q4,3698400.7400000007,3484545.69,271039.27600000007,32759.489999999976,,1323.856,653787.868
OK,2022,Q4,14363.44,,940.18,9825.63,0.0,464.46,7812.91
OR,2022,Q4,322670.84999999986,186919.4400000001,51739.660000000025,32198.0,349.96000000000004,318.51,84817.766
PA,2022,Q4,1138312.648,978650.9399999998,135745.538,22737.36000000001,,1748.68,410280.45
RI,2022,Q4,16470.309999999998,5287.87,1811.7200000000005,10012.67,0.0,,5757.18
SC,2022,Q4,,,1781.24,12434.469999999996,0.0,44.06,
SD,2022,Q4,2867.54,,,2131.59,0.0,12.01,2366.87
TN,2022,Q4,166035.69999999992,156478.74,4731.92,20748.53,,558.55,154317.18
TX,2022,Q4,4444701.41,3858278.449999999,229100.4700000001,41099.98,,2317.11,991837.62
UT,2022,Q4,42035.39000000001,14322.87,8883.039999999999,10200.410000000002,0.0,,18611.54
VT,2022,Q4,63991.82,39225.44,12882.67,8222.32,0.0,35.3,17704.36
VA,2022,Q4,3223920.18,2859659.649999999,175724.60999999996,41471.79,93932.51,533.61,511807.06
WA,2022,Q4,142074.24000000008,56708.0,38746.280000000006,29384.72000000001,15.67,643.51,47252.12
WV,2022,Q4,2438.83,,283.66,2173.53,0.0,,1423.76
WI,2022,Q4,2277922.08,1871205.56,,40639.84,4608.29,917.37,765625.3
WY,2022,Q4,11657.64,4757.38,3517.28,2018.92,0.0,,5122.18
AL,2023,Q1,17504.79,,,10712.6,0.0,,8377.51
AK,2023,Q1,38688.4,,,7625.32,0.0,,19159.85
AZ,2023,Q1,,,14432.34,16232.84,,,
AR,2023,Q1,11523.08,,,5497.92,0.0,,4853.23
CA,2023,Q1,3435315.54,2677835.84,269028.4,105135.22,,760.89,1111957.21
CO,2023,Q1,4543477.26,3634200.92,358082.12,37827.44,,3602.14,1580313.93
CT,2023,Q1,50774.48,23335.94,6548.16,9020.77,0.0,,28065.79
DE,2023,Q1,,,,2808.88,0.0,,
DC,2023,Q1,10470.67,,,,0.0,,2472.24
FL,2023,Q1,,,250366.41,44824.55,,1280.76,506867.43
GA,2023,Q1,3335696.23,,96306.16,35933.07,,1150.21,785463.92
HI,2023,Q1,25344.03,,,,0.0,,7139.67
ID,2023,Q1,8750.12,,4797.58,3085.55,0.0,209.13,5996.56
IL,2023,Q1,365888.99,,21749.17,33424.75,,576.69,86459.87
IN,2023,Q1,55647.85,,15270.9,8003.92,0.0,,29604.37
IA,2023,Q1,35722.29,,,8181.68,,,18694.19
KS,2023,Q1,6359.19,,,2293.05,0.0,,2809.88
KY,2023,Q1,74636.68,,,9212.7,,,62960.6
LA,2023,Q1,40032.94,,,17182.52,,,
ME,2023,Q1,65798.45,,22303.29,18206.24,,103.69,21177.09
MD,2023,Q1,99117.27,87343.59,10684.35,9658.12,,867.92,29687.02
MA,2023,Q1,100457.58,45424.49,24463.2,14658.43,,261.93,40084.38
MI,2023,Q1,313463.12,181169.62,51377.9,35878.47,,1130.39,128208.21
MN,2023,Q1,515574.07,428917.66,28236.12,19814.12,,327.62,77086.91
MS,2023,Q1,,,,,0.0,,
MO,2023,Q1,,,,11648.31,,,
MT,2023,Q1,36744.71,12563.32,7543.66,7643.67,0.0,485.58,16320.42
NE,2023,Q1,9489.41,,,5823.14,0.0,,3270.3
NV,2023,Q1,15963.29,,,7432.07,,,4909.17
NH,2023,Q1,,,,11256.74,0.0,166.58,
NJ,2023,Q1,878555.53,,,20583.29,,,
NM,2023,Q1,21778.77,,,4454.03,,,14258.17
NY,2023,Q1,2052928.31,1766399.56,77978.4,28100.04,,1307.09,618782.54
NC,2023,Q1,418811.59,284061.82,60402.84,44826.91,,592.75,154062.11
ND,2023,Q1,3306.26,0.0,0.0,2812.31,0.0,,2848.51
OH,2023,Q1,4453782.49,3577095.86,258990.63,33877.23,,858.84,920635.06
OK,2023,Q1,13021.99,,,9036.03,0.0,,7557.59
OR,2023,Q1,343487.11,188602.2,49753.81,32856.63,,391.57,95392.57
PA,2023,Q1,1479716.16,1037637.56,148855.28,23055.44,,1334.54,447832.48
RI,2023,Q1,19325.23,,,7212.26,0.0,,7008.44
SC,2023,Q1,,,,12525.34,,,
SD,2023,Q1,2539.46,,,1932.82,0.0,,2339.89
TN,2023,Q1,265925.35,,5199.79,19745.45,0.0,428.51,179581.65
TX,2023,Q1,4688248.72,4019380.26,237478.89,46098.53,,1364.58,994868.12
UT,2023,Q1,37154.2,,,8332.53,0.0,,14770.87
VT,2023,Q1,65896.78,33538.19,16100.13,7800.43,0.0,,17724.14
VA,2023,Q1,3351759.09,2742924.79,212094.91,33865.74,,450.15,657364.45
WA,2023,Q1,142340.79,52712.38,39432.69,29851.29,,570.32,51970.72
WV,2023,Q1,2275.94,,,,0.0,,1318.94
WI,2023,Q1,2222935.89,1672965.71,,35656.15,,1160.58,845956.11
WY,2023,Q1,11916.35,,,5900.44,0.0,,3657.05
AL,2023,Q2,18010.19,,,9057.49,0.0,,6386.46
AK,2023,Q2,50335.18,,,12557.72,,,17432.23
AZ,2023,Q2,735931.56,,,15939.29,,,
AR,2023,Q2,13838.81,,,8389.1,0.0,,3675.03
CA,2023,Q2,3347177.4,2756335.38,299381.07,116170.8,53762.51,953.39,999481.03
CO,2023,Q2,4977257.07,4000460.31,366364.97,42474.33,,2227.02,1667930.76
CT,2023,Q2,53825.83,,7226.04,10333.26,0.0,,23219.99
DE,2023,Q2,,,,5498.22,,,
FL,2023,Q2,,,208281.96,45169.99,,1272.96,426988.76
GA,2023,Q2,3726052.96,,,35931.64,,757.88,812093.95
HI,2023,Q2,27846.0,,,3945.43,,,8520.39
ID,2023,Q2,12319.81,,5521.56,5324.67,0.0,,6358.36
IL,2023,Q2,393961.68,368086.22,30314.67,34935.01,,489.55,81411.95
IN,2023,Q2,64432.71,,16855.28,11386.6,0.0,,32969.34
IA,2023,Q2,38761.87,,,8786.13,,,21043.64
KS,2023,Q2,7452.14,,,3722.72,0.0,,4263.72
KY,2023,Q2,58527.63,,6551.49,5866.34,,,33577.0
LA,2023,Q2,44537.97,,,19302.76,,,20325.56
ME,2023,Q2,76118.61,,22990.04,24090.9,,145.33,25428.1
MD,2023,Q2,80779.06,56742.2,11887.12,13216.78,,1143.96,20360.86
MA,2023,Q2,127341.52,66138.98,26843.19,19219.99,,,50470.81
MI,2023,Q2,390692.96,232365.13,60122.84,46553.61,,1395.73,145728.72
MN,2023,Q2,542212.4,449960.31,24942.91,26077.31,0.0,255.69,73705.53
MS,2023,Q2,,,,,0.0,,
MO,2023,Q2,,,,12190.94,,,
MT,2023,Q2,41488.08,16822.29,9075.48,9126.65,0.0,264.75,15957.0
NE,2023,Q2,13034.67,,,9602.49,0.0,,4436.38
NV,2023,Q2,13485.05,,,7761.84,,,3178.52
NJ,2023,Q2,897588.8,,,27369.39,,,
NM,2023,Q2,27295.51,,,7440.44,0.0,,15311.59
NY,2023,Q2,1944723.27,1719844.04,88135.47,40406.67,,1584.25,631789.07
NC,2023,Q2,396229.87,286977.61,58319.81,58679.23,,641.48,89158.37
ND,2023,Q2,3957.32,0.0,0.0,3478.49,0.0,,3054.13
OH,2023,Q2,4755010.49,4157853.49,276559.45,35892.55,,990.4,906703.34
OK,2023,Q2,16696.78,,,11176.53,,,7487.91
OR,2023,Q2,395952.45,238977.18,53042.48,39077.98,,390.84,93733.63
PA,2023,Q2,1918816.3,1196074.73,141396.96,31949.56,,1780.39,536514.8
RI,2023,Q2,24484.44,,,8076.56,0.0,,8568.45
SC,2023,Q2,,,,16457.82,0.0,,
SD,2023,Q2,3730.99,,,3012.71,0.0,,2479.47
TN,2023,Q2,433417.94,346932.98,,23529.06,,628.58,194706.3
TX,2023,Q2,4675359.53,3965305.0,220112.54,49972.67,,1560.66,970093.66
UT,2023,Q2,41628.14,,,9578.99,0.0,,15778.61
VT,2023,Q2,68972.55,37462.2,,9448.31,0.0,,18500.84
VA,2023,Q2,3612263.84,3176275.49,226676.37,39808.46,,791.47,606834.05
WA,2023,Q2,161582.11,62886.44,44960.36,36379.61,,909.02,49875.89
WV,2023,Q2,2985.4,,,2599.82,0.0,,1546.09
WI,2023,Q2,2815207.19,2269517.92,,26569.09,,1443.8,912285.24
WY,2023,Q2,12953.45,,,6588.69,0.0,,5494.7
AL,2023,Q3,11244.38,,,7600.19,0.0,,5808.52
AK,2023,Q3,42983.77,,,8485.24,,,12860.18
AZ,2023,Q3,,,,10427.66,,,
AR,2023,Q3,8311.87,,,3737.71,0.0,,2652.07
CA,2023,Q3,3356869.54,2709943.49,260243.31,103976.42,54828.89,1008.49,989970.13
CO,2023,Q3,5034699.61,4188706.87,333760.55,51122.83,,1653.89,1537594.98
CT,2023,Q3,46043.12,,7020.32,9951.54,0.0,,32821.36
DE,2023,Q3,,,,3255.74,0.0,,
FL,2023,Q3,,,180790.35,36221.06,,1842.7,463044.04
GA,2023,Q3,3719114.09,3232211.6,95056.91,28182.7,,533.45,763638.13
HI,2023,Q3,21738.72,,,,,,
ID,2023,Q3,10130.54,,5700.38,2932.78,0.0,,6122.87
IL,2023,Q3,371006.85,335588.19,26968.45,30211.1,,658.51,79784.3
IN,2023,Q3,34915.48,,7916.84,12098.73,0.0,,31621.66
IA,2023,Q3,43536.12,,,10324.78,0.0,,21629.93
KS,2023,Q3,7552.19,,,3369.83,0.0,,3370.22
KY,2023,Q3,49314.51,,5852.35,5726.42,,,27825.47
LA,2023,Q3,36968.09,,,16498.24,,,21429.66
ME,2023,Q3,70115.26,,22995.35,23904.83,,,22732.59
MD,2023,Q3,31970.35,11933.53,6388.19,11494.68,,893.5,14620.75
MA,2023,Q3,137875.59,87829.33,26651.55,17761.8,,345.08,43248.8
MI,2023,Q3,301273.7,202030.7,48051.05,42065.1,,1742.1,122217.59
MN,2023,Q3,483559.07,403667.89,28577.32,25565.54,,394.42,74541.03
MS,2023,Q3,,0.0,0.0,,0.0,0.0,
MO,2023,Q3,,,,10302.8,0.0,,
MT,2023,Q3,44820.23,,9322.58,15771.63,0.0,635.47,14966.92
NE,2023,Q3,12318.21,,,8877.84,0.0,,3734.41
NV,2023,Q3,13699.91,,,6651.8,,0.0,3177.1
NJ,2023,Q3,990759.48,,,24821.89,,,
NM,2023,Q3,23105.68,,,4816.76,0.0,,5152.42
NY,2023,Q3,1735697.7,1524531.57,90095.96,37474.15,,1341.93,570219.06
NC,2023,Q3,419498.99,301041.31,61469.62,44274.13,,595.33,151889.77
ND,2023,Q3,3992.44,0.0,0.0,3264.91,0.0,,3408.81
OH,2023,Q3,4574790.01,3995356.58,280709.19,32510.11,0.0,935.46,849406.9
OK,2023,Q3,17507.73,,,9192.54,0.0,,6089.78
OR,2023,Q3,382117.28,235100.35,54169.08,40272.73,,350.15,75724.95
PA,2023,Q3,1955575.21,1491326.82,167782.68,33689.05,,1567.51,505291.16
RI,2023,Q3,18348.17,,,7870.1,0.0,,5580.46
SC,2023,Q3,,,,13937.19,,,
SD,2023,Q3,4250.4,,,3595.08,0.0,,2517.78
TN,2023,Q3,470878.96,333570.93,,16894.69,0.0,543.93,216671.58
TX,2023,Q3,4933800.18,4198040.65,211518.27,38948.57,,1294.72,994007.54
UT,2023,Q3,33605.43,,,7044.48,0.0,,15138.78
VT,2023,Q3,65727.24,36653.96,,7342.64,0.0,,15770.51
VA,2023,Q3,3631188.85,3119724.72,210800.04,40053.84,,824.72,626004.72
WA,2023,Q3,156378.82,61627.47,43286.85,34054.83,,899.77,48164.73
WV,2023,Q3,3371.39,,,2939.19,0.0,,1159.94
WI,2023,Q3,2551272.96,2236581.98,,24105.05,,,805683.86
WY,2023,Q3,11481.23,,,4369.05,0.0,,5660.45
